country,year,start,end,cat
Afghanistan,2008,0,3.723589897,increase
Afghanistan,2009,3.723589897,4.401778221,increase
Afghanistan,2010,4.401778221,4.75838089,increase
Afghanistan,2011,4.75838089,3.83171916,decrease
Afghanistan,2012,3.83171916,3.782937527,decrease
Afghanistan,2013,3.782937527,3.572100401,decrease
Afghanistan,2014,3.572100401,3.130895615,decrease
Afghanistan,2015,3.130895615,3.982854605,increase
Afghanistan,2016,3.982854605,4.220168591,increase
Albania,2009,4.220168591,5.485469818,increase
Albania,2010,5.485469818,5.268936634,decrease
Albania,2011,5.268936634,5.867421627,increase
Albania,2012,5.867421627,5.510124207,decrease
Albania,2013,5.510124207,4.550647736,decrease
Albania,2014,4.550647736,4.813763142,increase
Albania,2015,4.813763142,4.606650829,decrease
Albania,2016,4.606650829,4.511100769,decrease
Algeria,2010,0,5.46356678,increase
Algeria,2011,5.46356678,5.317194462,decrease
Algeria,2012,5.317194462,5.604595661,increase
Algeria,2014,5.604595661,6.354898453,increase
Algeria,2016,6.354898453,5.340853691,decrease
Angola,2011,0,5.589000702,increase
Angola,2012,5.589000702,4.360249996,decrease
Angola,2013,4.360249996,3.937106848,decrease
Angola,2014,3.937106848,3.794837952,decrease
Argentina,2008,3.794837952,5.961034298,increase
Argentina,2009,5.961034298,6.424133301,increase
Argentina,2010,6.424133301,6.441067219,increase
Argentina,2011,6.441067219,6.775805473,increase
Argentina,2012,6.775805473,6.468387127,decrease
Argentina,2013,6.468387127,6.582260132,increase
Argentina,2014,6.582260132,6.671114445,increase
Argentina,2015,6.671114445,6.69713068,increase
Argentina,2016,6.69713068,6.427221298,decrease
Armenia,2008,6.427221298,4.651972294,decrease
Armenia,2009,4.651972294,4.177581787,decrease
Armenia,2010,4.177581787,4.367811203,increase
Armenia,2011,4.367811203,4.260491371,decrease
Armenia,2012,4.260491371,4.319711685,increase
Armenia,2013,4.319711685,4.277191162,decrease
Armenia,2014,4.277191162,4.453083038,increase
Armenia,2015,4.453083038,4.34831953,decrease
Armenia,2016,4.34831953,4.325471878,decrease
Australia,2005,0,7.340688229,increase
Australia,2008,7.340688229,7.253757477,decrease
Australia,2010,7.253757477,7.450047016,increase
Australia,2011,7.450047016,7.405616283,decrease
Australia,2012,7.405616283,7.195585728,decrease
Australia,2013,7.195585728,7.364169121,increase
Australia,2014,7.364169121,7.288550377,decrease
Australia,2015,7.288550377,7.309060574,increase
Australia,2016,7.309060574,7.250080109,decrease
Austria,2008,7.250080109,7.180953979,decrease
Austria,2010,7.180953979,7.302678585,increase
Austria,2011,7.302678585,7.470512867,increase
Austria,2012,7.470512867,7.400688648,decrease
Austria,2013,7.400688648,7.498802662,increase
Austria,2014,7.498802662,6.949999809,decrease
Austria,2015,6.949999809,7.07644701,increase
Austria,2016,7.07644701,7.048071861,decrease
Azerbaijan,2008,7.048071861,4.817189217,decrease
Azerbaijan,2009,4.817189217,4.573725224,decrease
Azerbaijan,2010,4.573725224,4.218610764,decrease
Azerbaijan,2011,4.218610764,4.680469513,increase
Azerbaijan,2012,4.680469513,4.910771847,increase
Azerbaijan,2013,4.910771847,5.481178284,increase
Azerbaijan,2014,5.481178284,5.25153017,decrease
Azerbaijan,2015,5.25153017,5.146774769,decrease
Azerbaijan,2016,5.146774769,5.303894997,increase
Bahrain,2009,0,5.700523376,increase
Bahrain,2010,5.700523376,5.936869144,increase
Bahrain,2011,5.936869144,4.82397604,decrease
Bahrain,2012,4.82397604,5.027186871,increase
Bahrain,2013,5.027186871,6.689711094,increase
Bahrain,2014,6.689711094,6.165133953,decrease
Bahrain,2015,6.165133953,6.00737524,decrease
Bahrain,2016,6.00737524,6.169673443,increase
Bangladesh,2008,6.169673443,5.052278519,decrease
Bangladesh,2009,5.052278519,5.08285141,increase
Bangladesh,2010,5.08285141,4.858481407,decrease
Bangladesh,2011,4.858481407,4.985649109,increase
Bangladesh,2012,4.985649109,4.724443913,decrease
Bangladesh,2013,4.724443913,4.660161018,decrease
Bangladesh,2014,4.660161018,4.635564804,decrease
Bangladesh,2015,4.635564804,4.633473873,decrease
Bangladesh,2016,4.633473873,4.5561409,decrease
Belarus,2008,4.5561409,5.463332176,increase
Belarus,2009,5.463332176,5.56413126,increase
Belarus,2010,5.56413126,5.525923252,decrease
Belarus,2011,5.525923252,5.225307941,decrease
Belarus,2012,5.225307941,5.749043465,increase
Belarus,2013,5.749043465,5.876466274,increase
Belarus,2014,5.876466274,5.812400818,decrease
Belarus,2015,5.812400818,5.718907833,decrease
Belarus,2016,5.718907833,5.177899361,decrease
Belgium,2005,0,7.262290478,increase
Belgium,2008,7.262290478,7.116590977,decrease
Belgium,2010,7.116590977,6.853514194,decrease
Belgium,2011,6.853514194,7.111363888,increase
Belgium,2012,7.111363888,6.935122013,decrease
Belgium,2013,6.935122013,7.10366106,increase
Belgium,2014,7.10366106,6.855329037,decrease
Belgium,2015,6.855329037,6.904219151,increase
Belgium,2016,6.904219151,6.948936462,increase
Belize,2014,6.948936462,5.955646515,decrease
Benin,2008,5.955646515,3.66713953,decrease
Benin,2011,3.66713953,3.870279551,increase
Benin,2012,3.870279551,3.193468809,decrease
Benin,2013,3.193468809,3.479412794,increase
Benin,2014,3.479412794,3.347419262,decrease
Benin,2015,3.347419262,3.624664307,increase
Benin,2016,3.624664307,4.007357597,increase
Bhutan,2013,0,5.569091797,increase
Bhutan,2014,5.569091797,4.938578129,decrease
Bhutan,2015,4.938578129,5.082128525,increase
Bolivia,2008,5.082128525,5.297872543,increase
Bolivia,2009,5.297872543,6.085579395,increase
Bolivia,2010,6.085579395,5.780620098,decrease
Bolivia,2011,5.780620098,5.778874397,decrease
Bolivia,2012,5.778874397,6.018894672,increase
Bolivia,2013,6.018894672,5.767428875,decrease
Bolivia,2014,5.767428875,5.864798546,increase
Bolivia,2015,5.864798546,5.834329128,decrease
Bolivia,2016,5.834329128,5.769723415,decrease
Bosnia and Herzegovina,2009,5.769723415,4.963477135,decrease
Bosnia and Herzegovina,2010,4.963477135,4.66851759,decrease
Bosnia and Herzegovina,2011,4.66851759,4.994670868,increase
Bosnia and Herzegovina,2012,4.994670868,4.773144722,decrease
Bosnia and Herzegovina,2013,4.773144722,5.123664379,increase
Bosnia and Herzegovina,2014,5.123664379,5.248954296,increase
Bosnia and Herzegovina,2015,5.248954296,5.117177963,decrease
Bosnia and Herzegovina,2016,5.117177963,5.180865288,increase
Botswana,2008,5.180865288,5.451147079,increase
Botswana,2010,5.451147079,3.553020239,decrease
Botswana,2011,3.553020239,3.519921064,decrease
Botswana,2012,3.519921064,4.835938931,increase
Botswana,2013,4.835938931,4.128298759,decrease
Botswana,2014,4.128298759,4.031197071,decrease
Botswana,2015,4.031197071,3.761964798,decrease
Botswana,2016,3.761964798,3.498936653,decrease
Brazil,2005,0,6.636771202,increase
Brazil,2008,6.636771202,6.691424847,increase
Brazil,2009,6.691424847,7.000831604,increase
Brazil,2010,7.000831604,6.837331295,decrease
Brazil,2011,6.837331295,7.037816525,increase
Brazil,2012,7.037816525,6.660003662,decrease
Brazil,2013,6.660003662,7.140282631,increase
Brazil,2014,7.140282631,6.980998993,decrease
Brazil,2015,6.980998993,6.546896935,decrease
Brazil,2016,6.546896935,6.374817371,decrease
Bulgaria,2010,6.374817371,3.912276268,decrease
Bulgaria,2011,3.912276268,3.875382423,decrease
Bulgaria,2012,3.875382423,4.222297192,increase
Bulgaria,2013,4.222297192,3.993020535,decrease
Bulgaria,2014,3.993020535,4.438439846,increase
Bulgaria,2015,4.438439846,4.865401268,increase
Bulgaria,2016,4.865401268,4.837560654,decrease
Burkina Faso,2008,4.837560654,3.846438885,decrease
Burkina Faso,2010,3.846438885,4.035560608,increase
Burkina Faso,2011,4.035560608,4.785367489,increase
Burkina Faso,2012,4.785367489,3.95500803,decrease
Burkina Faso,2013,3.95500803,3.325949669,decrease
Burkina Faso,2014,3.325949669,3.481347799,increase
Burkina Faso,2015,3.481347799,4.418930054,increase
Burkina Faso,2016,4.418930054,4.205634594,decrease
Burundi,2008,0,3.563227654,increase
Burundi,2009,3.563227654,3.791680813,increase
Burundi,2011,3.791680813,3.705894232,decrease
Burundi,2014,3.705894232,2.904535055,decrease
Cambodia,2008,2.904535055,4.462163925,increase
Cambodia,2009,4.462163925,4.110625744,decrease
Cambodia,2010,4.110625744,4.141072273,increase
Cambodia,2011,4.141072273,4.161225319,increase
Cambodia,2012,4.161225319,3.898706913,decrease
Cambodia,2013,3.898706913,3.674466848,decrease
Cambodia,2014,3.674466848,3.88330555,increase
Cambodia,2015,3.88330555,4.162164688,increase
Cambodia,2016,4.162164688,4.461259365,increase
Cameroon,2008,4.461259365,4.291800499,decrease
Cameroon,2009,4.291800499,4.741408348,increase
Cameroon,2010,4.741408348,4.554256916,decrease
Cameroon,2011,4.554256916,4.433885098,decrease
Cameroon,2012,4.433885098,4.244634151,decrease
Cameroon,2013,4.244634151,4.271038055,increase
Cameroon,2014,4.271038055,4.240441322,decrease
Cameroon,2015,4.240441322,5.037964821,increase
Cameroon,2016,5.037964821,4.816232204,decrease
Canada,2005,0,7.418048382,increase
Canada,2008,7.418048382,7.485603809,increase
Canada,2009,7.485603809,7.48782444,increase
Canada,2010,7.48782444,7.650346279,increase
Canada,2011,7.650346279,7.426053524,decrease
Canada,2012,7.426053524,7.415144444,decrease
Canada,2013,7.415144444,7.593793869,increase
Canada,2014,7.593793869,7.30425787,decrease
Canada,2015,7.30425787,7.412772655,increase
Canada,2016,7.412772655,7.244845867,decrease
Central African Republic,2010,7.244845867,3.567892551,decrease
Central African Republic,2011,3.567892551,3.677826405,increase
Central African Republic,2016,3.677826405,2.693061113,decrease
Chad,2008,2.693061113,4.632468224,increase
Chad,2009,4.632468224,3.639445066,decrease
Chad,2010,3.639445066,3.742871046,increase
Chad,2011,3.742871046,4.393482208,increase
Chad,2012,4.393482208,4.03297472,decrease
Chad,2013,4.03297472,3.507663012,decrease
Chad,2014,3.507663012,3.460182905,decrease
Chad,2015,3.460182905,4.322675228,increase
Chad,2016,4.322675228,4.029350281,decrease
Chile,2008,4.029350281,5.789438725,increase
Chile,2009,5.789438725,6.493686199,increase
Chile,2010,6.493686199,6.63565588,increase
Chile,2011,6.63565588,6.526334763,decrease
Chile,2012,6.526334763,6.599128723,increase
Chile,2013,6.599128723,6.74015379,increase
Chile,2014,6.74015379,6.844238281,increase
Chile,2015,6.844238281,6.532749653,decrease
Chile,2016,6.532749653,6.579056263,increase
China,2008,6.579056263,4.84629488,decrease
China,2009,4.84629488,4.454360962,decrease
China,2010,4.454360962,4.652736664,increase
China,2011,4.652736664,5.037207603,increase
China,2012,5.037207603,5.094917297,increase
China,2013,5.094917297,5.241090298,increase
China,2014,5.241090298,5.195619106,decrease
China,2015,5.195619106,5.303877831,increase
China,2016,5.303877831,5.32495594,increase
Colombia,2008,5.32495594,6.168395042,increase
Colombia,2009,6.168395042,6.271604538,increase
Colombia,2010,6.271604538,6.40811348,increase
Colombia,2011,6.40811348,6.463952541,increase
Colombia,2012,6.463952541,6.374879837,decrease
Colombia,2013,6.374879837,6.606550694,increase
Colombia,2014,6.606550694,6.44878912,decrease
Colombia,2015,6.44878912,6.387571812,decrease
Colombia,2016,6.387571812,6.233715057,decrease
Comoros,2009,0,3.47602725,increase
Comoros,2010,3.47602725,3.81219101,increase
Comoros,2011,3.81219101,3.838485956,increase
Comoros,2012,3.838485956,3.955640316,increase
Congo,2008,0,3.819792271,increase
Congo,2011,3.819792271,4.509824276,increase
Congo,2012,4.509824276,3.919341803,decrease
Congo,2013,3.919341803,3.954950571,increase
Congo,2014,3.954950571,4.05601263,increase
Congo,2015,4.05601263,4.690830231,increase
Congo,2016,4.690830231,4.119493484,decrease
Costa Rica,2008,4.119493484,6.850679874,increase
Costa Rica,2009,6.850679874,7.614928722,increase
Costa Rica,2010,7.614928722,7.271053791,decrease
Costa Rica,2011,7.271053791,7.228888512,decrease
Costa Rica,2012,7.228888512,7.272250175,increase
Costa Rica,2013,7.272250175,7.158000469,decrease
Costa Rica,2014,7.158000469,7.247086048,increase
Costa Rica,2015,7.247086048,6.854004383,decrease
Costa Rica,2016,6.854004383,7.135617733,increase
Cote d'Ivoire,2009,0,4.197181702,increase
Cote d'Ivoire,2013,4.197181702,3.739365578,decrease
Cote d'Ivoire,2014,3.739365578,3.570368528,decrease
Cote d'Ivoire,2015,3.570368528,4.445038795,increase
Cote d'Ivoire,2016,4.445038795,4.542545795,increase
Croatia,2009,4.542545795,5.433319569,increase
Croatia,2010,5.433319569,5.595575333,increase
Croatia,2011,5.595575333,5.385372639,decrease
Croatia,2012,5.385372639,6.027634621,increase
Croatia,2013,6.027634621,5.885462761,decrease
Croatia,2014,5.885462761,5.380692482,decrease
Croatia,2015,5.380692482,5.205438137,decrease
Croatia,2016,5.205438137,5.416875362,increase
Cyprus,2009,5.416875362,6.833477497,increase
Cyprus,2010,6.833477497,6.386546135,decrease
Cyprus,2011,6.386546135,6.689608574,increase
Cyprus,2012,6.689608574,6.180507183,decrease
Cyprus,2013,6.180507183,5.438952446,decrease
Cyprus,2014,5.438952446,5.627123833,increase
Cyprus,2015,5.627123833,5.439161301,decrease
Cyprus,2016,5.439161301,5.794618607,increase
Czech Republic,2005,0,6.439256668,increase
Czech Republic,2010,6.439256668,6.249617577,decrease
Czech Republic,2011,6.249617577,6.331490993,increase
Czech Republic,2012,6.331490993,6.334149361,increase
Czech Republic,2013,6.334149361,6.697655678,increase
Czech Republic,2014,6.697655678,6.483729839,decrease
Czech Republic,2015,6.483729839,6.608017445,increase
Czech Republic,2016,6.608017445,6.735627174,increase
Democratic Republic of Congo,2009,0,3.983848572,increase
Democratic Republic of Congo,2011,3.983848572,4.516963959,increase
Democratic Republic of Congo,2012,4.516963959,4.63922739,increase
Democratic Republic of Congo,2013,4.63922739,4.497477055,decrease
Democratic Republic of Congo,2014,4.497477055,4.414299965,decrease
Democratic Republic of Congo,2015,4.414299965,3.902741671,decrease
Democratic Republic of Congo,2016,3.902741671,4.521935463,increase
Denmark,2005,0,8.01893425,increase
Denmark,2008,8.01893425,7.970891953,decrease
Denmark,2009,7.970891953,7.683358669,decrease
Denmark,2010,7.683358669,7.770515442,increase
Denmark,2011,7.770515442,7.78823185,increase
Denmark,2012,7.78823185,7.519909382,decrease
Denmark,2013,7.519909382,7.588606834,increase
Denmark,2014,7.588606834,7.507559299,decrease
Denmark,2015,7.507559299,7.514424801,increase
Denmark,2016,7.514424801,7.55778265,increase
Djibouti,2008,0,5.009330273,increase
Djibouti,2009,5.009330273,4.905925274,decrease
Djibouti,2010,4.905925274,5.005810738,increase
Djibouti,2011,5.005810738,4.369193554,decrease
Dominican Republic,2008,4.369193554,4.84230566,increase
Dominican Republic,2009,4.84230566,5.431613922,increase
Dominican Republic,2010,5.431613922,4.735021114,decrease
Dominican Republic,2011,4.735021114,5.396535397,increase
Dominican Republic,2012,5.396535397,4.753311157,decrease
Dominican Republic,2013,4.753311157,5.015515327,increase
Dominican Republic,2014,5.015515327,5.387331963,increase
Dominican Republic,2015,5.387331963,5.061862469,decrease
Dominican Republic,2016,5.061862469,5.238698483,increase
Ecuador,2008,5.238698483,5.296513081,increase
Ecuador,2009,5.296513081,6.021803379,increase
Ecuador,2010,6.021803379,5.838051319,decrease
Ecuador,2011,5.838051319,5.795088291,decrease
Ecuador,2012,5.795088291,5.960716248,increase
Ecuador,2013,5.960716248,6.019206047,increase
Ecuador,2014,6.019206047,5.945851803,decrease
Ecuador,2015,5.945851803,5.964075089,increase
Ecuador,2016,5.964075089,6.115437508,increase
Egypt,2005,0,5.167754173,increase
Egypt,2008,5.167754173,4.631741047,decrease
Egypt,2009,4.631741047,5.066164494,increase
Egypt,2010,5.066164494,4.668916225,decrease
Egypt,2011,4.668916225,4.174158573,decrease
Egypt,2012,4.174158573,4.204156876,increase
Egypt,2013,4.204156876,3.558520317,decrease
Egypt,2014,3.558520317,4.885072708,increase
Egypt,2015,4.885072708,4.762538433,decrease
Egypt,2016,4.762538433,4.556740761,decrease
El Salvador,2008,4.556740761,5.191493988,increase
El Salvador,2009,5.191493988,6.839087009,increase
El Salvador,2010,6.839087009,6.739911079,decrease
El Salvador,2011,6.739911079,4.741294861,decrease
El Salvador,2012,4.741294861,5.934371471,increase
El Salvador,2013,5.934371471,6.325063229,increase
El Salvador,2014,6.325063229,5.856523514,decrease
El Salvador,2015,5.856523514,6.018496037,increase
El Salvador,2016,6.018496037,6.139824867,increase
Estonia,2008,6.139824867,5.451937675,decrease
Estonia,2009,5.451937675,5.137738705,decrease
Estonia,2011,5.137738705,5.486819744,increase
Estonia,2012,5.486819744,5.363927841,decrease
Estonia,2013,5.363927841,5.367445946,increase
Estonia,2014,5.367445946,5.55598259,increase
Estonia,2015,5.55598259,5.628908634,increase
Estonia,2016,5.628908634,5.649675369,increase
Ethiopia,2012,0,4.561168671,increase
Ethiopia,2013,4.561168671,4.44482708,decrease
Ethiopia,2014,4.44482708,4.506646633,increase
Ethiopia,2015,4.506646633,4.573154926,increase
Ethiopia,2016,4.573154926,4.297848701,decrease
Finland,2008,4.297848701,7.67062664,increase
Finland,2010,7.67062664,7.393264294,decrease
Finland,2011,7.393264294,7.354225159,decrease
Finland,2012,7.354225159,7.420209408,increase
Finland,2013,7.420209408,7.444635868,increase
Finland,2014,7.444635868,7.384571075,decrease
Finland,2015,7.384571075,7.447925568,increase
Finland,2016,7.447925568,7.659843445,increase
France,2005,0,7.093392849,increase
France,2008,7.093392849,7.008064747,decrease
France,2009,7.008064747,6.283498287,decrease
France,2010,6.283498287,6.797901154,increase
France,2011,6.797901154,6.959185123,increase
France,2012,6.959185123,6.649365425,decrease
France,2013,6.649365425,6.66712141,increase
France,2014,6.66712141,6.466867924,decrease
France,2015,6.466867924,6.357625008,decrease
France,2016,6.357625008,6.475208759,increase
Gabon,2011,0,4.255400658,increase
Gabon,2012,4.255400658,3.97205925,decrease
Gabon,2013,3.97205925,3.800287008,decrease
Gabon,2014,3.800287008,3.918073177,increase
Gabon,2015,3.918073177,4.66101265,increase
Gabon,2016,4.66101265,4.831764221,increase
Georgia,2008,4.831764221,4.15609026,decrease
Georgia,2009,4.15609026,3.800639153,decrease
Georgia,2010,3.800639153,4.101837158,increase
Georgia,2011,4.101837158,4.203030586,increase
Georgia,2012,4.203030586,4.254445553,increase
Georgia,2013,4.254445553,4.348920822,increase
Georgia,2014,4.348920822,4.287508011,decrease
Georgia,2015,4.287508011,4.121940613,decrease
Georgia,2016,4.121940613,4.448386192,increase
Germany,2005,0,6.619549751,increase
Germany,2008,6.619549751,6.521790028,decrease
Germany,2009,6.521790028,6.64149332,increase
Germany,2010,6.64149332,6.724531174,increase
Germany,2011,6.724531174,6.621312141,decrease
Germany,2012,6.621312141,6.702362061,increase
Germany,2013,6.702362061,6.965125084,increase
Germany,2014,6.965125084,6.984214306,increase
Germany,2015,6.984214306,7.037137508,increase
Germany,2016,7.037137508,6.873763084,decrease
Ghana,2008,6.873763084,4.965134621,decrease
Ghana,2009,4.965134621,4.197695732,decrease
Ghana,2010,4.197695732,4.606251717,increase
Ghana,2011,4.606251717,5.608199596,increase
Ghana,2012,5.608199596,5.057261944,decrease
Ghana,2013,5.057261944,4.965053082,decrease
Ghana,2014,4.965053082,3.860351086,decrease
Ghana,2015,3.860351086,3.985916138,increase
Ghana,2016,3.985916138,4.514411449,increase
Greece,2005,0,6.006309986,increase
Greece,2009,6.006309986,6.038574696,increase
Greece,2010,6.038574696,5.839558601,decrease
Greece,2011,5.839558601,5.372039795,decrease
Greece,2012,5.372039795,5.096354008,decrease
Greece,2013,5.096354008,4.720251083,decrease
Greece,2014,4.720251083,4.75623703,increase
Greece,2015,4.75623703,5.622519016,increase
Greece,2016,5.622519016,5.302619457,decrease
Guatemala,2008,5.302619457,6.414494514,increase
Guatemala,2009,6.414494514,6.451916218,increase
Guatemala,2010,6.451916218,6.289748669,decrease
Guatemala,2011,6.289748669,5.743353844,decrease
Guatemala,2012,5.743353844,5.855717182,increase
Guatemala,2013,5.855717182,5.984601498,increase
Guatemala,2014,5.984601498,6.536030769,increase
Guatemala,2015,6.536030769,6.464986801,decrease
Guatemala,2016,6.464986801,6.358916283,decrease
Guinea,2011,0,4.044569492,increase
Guinea,2012,4.044569492,3.651554823,decrease
Guinea,2013,3.651554823,3.901793003,increase
Guinea,2014,3.901793003,3.4124825,decrease
Guinea,2015,3.4124825,3.504693508,increase
Guinea,2016,3.504693508,3.602854729,increase
Haiti,2008,3.602854729,3.846329212,increase
Haiti,2010,3.846329212,3.76599884,decrease
Haiti,2011,3.76599884,4.844573975,increase
Haiti,2012,4.844573975,4.413475037,decrease
Haiti,2013,4.413475037,4.62196207,increase
Haiti,2014,4.62196207,3.888778448,decrease
Haiti,2015,3.888778448,3.569762468,decrease
Haiti,2016,3.569762468,3.352300167,decrease
Honduras,2008,3.352300167,5.420331001,increase
Honduras,2009,5.420331001,6.033189297,increase
Honduras,2010,6.033189297,5.866131306,decrease
Honduras,2011,5.866131306,4.961031437,decrease
Honduras,2012,4.961031437,4.602218151,decrease
Honduras,2013,4.602218151,4.713358402,increase
Honduras,2014,4.713358402,5.055726051,increase
Honduras,2015,5.055726051,4.845436573,decrease
Honduras,2016,4.845436573,5.648154736,increase
Hong Kong,2008,5.648154736,5.137261868,decrease
Hong Kong,2009,5.137261868,5.397055626,increase
Hong Kong,2010,5.397055626,5.642834663,increase
Hong Kong,2011,5.642834663,5.474010944,decrease
Hong Kong,2012,5.474010944,5.483764648,increase
Hong Kong,2014,5.483764648,5.458050728,decrease
Hong Kong,2016,5.458050728,5.498420715,increase
Hungary,2005,0,5.193933487,increase
Hungary,2009,5.193933487,4.894600391,decrease
Hungary,2010,4.894600391,4.725132465,decrease
Hungary,2011,4.725132465,4.917602539,increase
Hungary,2012,4.917602539,4.683358192,decrease
Hungary,2013,4.683358192,4.914466858,increase
Hungary,2014,4.914466858,5.18056345,increase
Hungary,2015,5.18056345,5.34438324,increase
Hungary,2016,5.34438324,5.448901653,increase
Iceland,2008,0,6.888284206,increase
Iceland,2012,6.888284206,7.590660095,increase
Iceland,2013,7.590660095,7.501394272,decrease
Iceland,2015,7.501394272,7.498070717,decrease
Iceland,2016,7.498070717,7.510034561,increase
India,2008,7.510034561,5.145833015,decrease
India,2009,5.145833015,4.521517754,decrease
India,2010,4.521517754,4.989277363,increase
India,2011,4.989277363,4.634871483,decrease
India,2012,4.634871483,4.720146656,increase
India,2013,4.720146656,4.427788734,decrease
India,2014,4.427788734,4.424379349,decrease
India,2015,4.424379349,4.342079163,decrease
India,2016,4.342079163,4.179177284,decrease
Indonesia,2008,4.179177284,4.815309525,increase
Indonesia,2009,4.815309525,5.472361088,increase
Indonesia,2010,5.472361088,5.457299232,decrease
Indonesia,2011,5.457299232,5.172608376,decrease
Indonesia,2012,5.172608376,5.36777401,increase
Indonesia,2013,5.36777401,5.292237759,decrease
Indonesia,2014,5.292237759,5.597375393,increase
Indonesia,2015,5.597375393,5.04279995,decrease
Indonesia,2016,5.04279995,5.136325359,increase
Iran,2005,0,5.308190346,increase
Iran,2008,5.308190346,5.128988266,decrease
Iran,2011,5.128988266,4.767507076,decrease
Iran,2012,4.767507076,4.608927727,decrease
Iran,2013,4.608927727,5.139579296,increase
Iran,2014,5.139579296,4.682224274,decrease
Iran,2015,4.682224274,4.749955654,increase
Iran,2016,4.749955654,4.652730942,decrease
Iraq,2008,0,4.589844704,increase
Iraq,2009,4.589844704,4.775316715,increase
Iraq,2010,4.775316715,5.065462112,increase
Iraq,2011,5.065462112,4.725366116,decrease
Iraq,2012,4.725366116,4.659508705,decrease
Iraq,2013,4.659508705,4.725017071,increase
Iraq,2014,4.725017071,4.541502476,decrease
Iraq,2015,4.541502476,4.493377209,decrease
Iraq,2016,4.493377209,4.412537098,decrease
Ireland,2008,4.412537098,7.568029881,increase
Ireland,2009,7.568029881,7.045911312,decrease
Ireland,2010,7.045911312,7.257389545,increase
Ireland,2011,7.257389545,7.006904125,decrease
Ireland,2012,7.006904125,6.964645386,decrease
Ireland,2013,6.964645386,6.760085106,decrease
Ireland,2014,6.760085106,7.018379211,increase
Ireland,2015,7.018379211,6.830125332,decrease
Ireland,2016,6.830125332,7.04073143,increase
Israel,2008,7.04073143,7.261261463,increase
Israel,2009,7.261261463,7.352979183,increase
Israel,2010,7.352979183,7.358916283,increase
Israel,2011,7.358916283,7.433147907,increase
Israel,2012,7.433147907,7.110854626,decrease
Israel,2013,7.110854626,7.320563316,increase
Israel,2014,7.320563316,7.400570393,increase
Israel,2015,7.400570393,7.07941103,decrease
Israel,2016,7.07941103,7.159010887,increase
Italy,2005,0,6.853783607,increase
Italy,2008,6.853783607,6.779774189,decrease
Italy,2009,6.779774189,6.333800316,decrease
Italy,2010,6.333800316,6.354238033,increase
Italy,2011,6.354238033,6.057086468,decrease
Italy,2012,6.057086468,5.839313984,decrease
Italy,2013,5.839313984,6.009373665,increase
Italy,2014,6.009373665,6.026585102,increase
Italy,2015,6.026585102,5.847683907,decrease
Italy,2016,5.847683907,5.95452404,increase
Jamaica,2011,5.95452404,5.374446392,decrease
Jamaica,2013,5.374446392,5.708886623,increase
Jamaica,2014,5.708886623,5.310538769,decrease
Japan,2005,0,6.515817165,increase
Japan,2008,6.515817165,5.91067934,decrease
Japan,2009,5.91067934,5.844999313,decrease
Japan,2010,5.844999313,6.056752682,increase
Japan,2011,6.056752682,6.262793541,increase
Japan,2012,6.262793541,5.968216419,decrease
Japan,2013,5.968216419,5.959361553,decrease
Japan,2014,5.959361553,5.922620773,decrease
Japan,2015,5.922620773,5.879684448,decrease
Japan,2016,5.879684448,5.954650879,increase
Jordan,2005,0,6.294660091,increase
Jordan,2008,6.294660091,4.930058002,decrease
Jordan,2009,4.930058002,5.999859333,increase
Jordan,2010,5.999859333,5.569942474,decrease
Jordan,2011,5.569942474,5.539327621,decrease
Jordan,2012,5.539327621,5.131996155,decrease
Jordan,2013,5.131996155,5.171952724,increase
Jordan,2014,5.171952724,5.333021641,increase
Jordan,2015,5.333021641,5.404593468,increase
Jordan,2016,5.404593468,5.27128458,decrease
Kazakhstan,2008,5.27128458,5.886419773,increase
Kazakhstan,2009,5.886419773,5.382563114,decrease
Kazakhstan,2010,5.382563114,5.514286518,increase
Kazakhstan,2011,5.514286518,5.735662937,increase
Kazakhstan,2012,5.735662937,5.759469509,increase
Kazakhstan,2013,5.759469509,5.835483074,increase
Kazakhstan,2014,5.835483074,5.970097542,increase
Kazakhstan,2015,5.970097542,5.949995041,decrease
Kazakhstan,2016,5.949995041,5.533551693,decrease
Kenya,2008,5.533551693,4.015274525,decrease
Kenya,2009,4.015274525,4.270434856,increase
Kenya,2010,4.270434856,4.255859375,decrease
Kenya,2011,4.255859375,4.405310154,increase
Kenya,2012,4.405310154,4.547335148,increase
Kenya,2013,4.547335148,3.795383215,decrease
Kenya,2014,3.795383215,4.904579639,increase
Kenya,2015,4.904579639,4.357617855,decrease
Kenya,2016,4.357617855,4.396127701,increase
Kosovo,2008,4.396127701,5.521659851,increase
Kosovo,2009,5.521659851,5.891432762,increase
Kosovo,2010,5.891432762,5.17660141,decrease
Kosovo,2011,5.17660141,4.859501839,decrease
Kosovo,2012,4.859501839,5.639588356,increase
Kosovo,2013,5.639588356,6.125758171,increase
Kosovo,2014,6.125758171,5.000375271,decrease
Kosovo,2015,5.000375271,5.077460766,increase
Kosovo,2016,5.077460766,5.759412289,increase
Kuwait,2009,5.759412289,6.585246086,increase
Kuwait,2010,6.585246086,6.798151016,increase
Kuwait,2011,6.798151016,6.377699375,decrease
Kuwait,2012,6.377699375,6.221094608,decrease
Kuwait,2013,6.221094608,6.480031013,increase
Kuwait,2014,6.480031013,6.180138588,decrease
Kuwait,2015,6.180138588,6.146031857,decrease
Kuwait,2016,6.146031857,5.947194576,decrease
Kyrgyzstan,2008,5.947194576,4.736588001,decrease
Kyrgyzstan,2009,4.736588001,5.06905365,increase
Kyrgyzstan,2010,5.06905365,4.996410847,decrease
Kyrgyzstan,2011,4.996410847,4.921049118,decrease
Kyrgyzstan,2012,4.921049118,5.207785606,increase
Kyrgyzstan,2013,5.207785606,5.40242672,increase
Kyrgyzstan,2014,5.40242672,5.252192974,decrease
Kyrgyzstan,2015,5.252192974,4.905375957,decrease
Kyrgyzstan,2016,4.905375957,4.856534004,decrease
Laos,2008,4.856534004,5.044098854,increase
Laos,2011,5.044098854,4.703749657,decrease
Laos,2012,4.703749657,4.876084805,increase
Latvia,2008,4.876084805,5.145375252,increase
Latvia,2009,5.145375252,4.668910503,decrease
Latvia,2011,4.668910503,4.966811657,increase
Latvia,2012,4.966811657,5.125025272,increase
Latvia,2013,5.125025272,5.069770336,decrease
Latvia,2014,5.069770336,5.729115486,increase
Latvia,2015,5.729115486,5.880597591,increase
Latvia,2016,5.880597591,5.940446377,increase
Lebanon,2005,0,5.49124527,increase
Lebanon,2008,5.49124527,4.594851017,decrease
Lebanon,2009,4.594851017,5.205998898,increase
Lebanon,2010,5.205998898,5.031899452,decrease
Lebanon,2011,5.031899452,5.187571526,increase
Lebanon,2012,5.187571526,4.572566986,decrease
Lebanon,2013,4.572566986,4.983288765,increase
Lebanon,2014,4.983288765,5.233025551,increase
Lebanon,2015,5.233025551,5.171971321,decrease
Lebanon,2016,5.171971321,5.27072382,increase
Lesotho,2011,0,4.89751482,increase
Lesotho,2016,4.89751482,3.808204889,decrease
Liberia,2008,3.808204889,4.221354008,increase
Liberia,2010,4.221354008,4.196063042,decrease
Liberia,2014,4.196063042,4.571419239,increase
Liberia,2015,4.571419239,2.701591253,decrease
Liberia,2016,2.701591253,3.354676008,increase
Libya,2012,0,5.754394054,increase
Libya,2015,5.754394054,5.615404606,decrease
Libya,2016,5.615404606,5.43358326,decrease
Lithuania,2008,5.43358326,5.553925991,increase
Lithuania,2009,5.553925991,5.466920853,decrease
Lithuania,2010,5.466920853,5.065824986,decrease
Lithuania,2011,5.065824986,5.43243742,increase
Lithuania,2012,5.43243742,5.771037102,increase
Lithuania,2013,5.771037102,5.595689297,decrease
Lithuania,2014,5.595689297,6.125723839,increase
Lithuania,2015,6.125723839,5.711378098,decrease
Lithuania,2016,5.711378098,5.865552425,increase
Luxembourg,2009,0,6.957920074,increase
Luxembourg,2010,6.957920074,7.097251892,increase
Luxembourg,2011,7.097251892,7.101400375,increase
Luxembourg,2012,7.101400375,6.964097023,decrease
Luxembourg,2013,6.964097023,7.130809307,increase
Luxembourg,2014,7.130809307,6.89112711,decrease
Luxembourg,2015,6.89112711,6.701571465,decrease
Luxembourg,2016,6.701571465,6.967340946,increase
Macedonia,2009,6.967340946,4.428021908,decrease
Macedonia,2010,4.428021908,4.180202007,decrease
Macedonia,2011,4.180202007,4.898180008,increase
Macedonia,2012,4.898180008,4.639647484,decrease
Macedonia,2013,4.639647484,5.186190605,increase
Macedonia,2014,5.186190605,5.203825951,increase
Macedonia,2015,5.203825951,4.975589752,decrease
Macedonia,2016,4.975589752,5.34574604,increase
Madagascar,2008,5.34574604,4.640079021,decrease
Madagascar,2011,4.640079021,4.381415367,decrease
Madagascar,2012,4.381415367,3.550609589,decrease
Madagascar,2013,3.550609589,3.815607071,increase
Madagascar,2014,3.815607071,3.675626993,decrease
Madagascar,2015,3.675626993,3.592514038,decrease
Madagascar,2016,3.592514038,3.663085938,increase
Malawi,2009,3.663085938,5.148239613,increase
Malawi,2011,5.148239613,3.946062565,decrease
Malawi,2012,3.946062565,4.279269695,increase
Malawi,2013,4.279269695,4.035084248,decrease
Malawi,2014,4.035084248,4.563080311,increase
Malawi,2015,4.563080311,3.86763835,decrease
Malawi,2016,3.86763835,3.476492643,decrease
Malaysia,2008,3.476492643,5.806781769,increase
Malaysia,2009,5.806781769,5.384701729,decrease
Malaysia,2010,5.384701729,5.580281734,increase
Malaysia,2011,5.580281734,5.786367416,increase
Malaysia,2012,5.786367416,5.914283752,increase
Malaysia,2013,5.914283752,5.770199776,decrease
Malaysia,2014,5.770199776,5.962921619,increase
Malaysia,2015,5.962921619,6.322121143,increase
Mali,2008,6.322121143,4.114664078,decrease
Mali,2009,4.114664078,3.976598501,decrease
Mali,2010,3.976598501,3.762305021,decrease
Mali,2011,3.762305021,4.666832924,increase
Mali,2012,4.666832924,4.313016891,decrease
Mali,2013,4.313016891,3.676277161,decrease
Mali,2014,3.676277161,3.974714279,increase
Mali,2015,3.974714279,4.582098484,increase
Mali,2016,4.582098484,4.016027927,decrease
Malta,2009,0,6.32763958,increase
Malta,2010,6.32763958,5.77387476,decrease
Malta,2011,5.77387476,6.154718399,increase
Malta,2012,6.154718399,5.962872028,decrease
Malta,2013,5.962872028,6.379924774,increase
Malta,2014,6.379924774,6.45211792,increase
Malta,2015,6.45211792,6.61339426,increase
Malta,2016,6.61339426,6.590842247,decrease
Mauritania,2008,6.590842247,4.248075008,decrease
Mauritania,2009,4.248075008,4.500431538,increase
Mauritania,2010,4.500431538,4.772306919,increase
Mauritania,2011,4.772306919,4.784804344,increase
Mauritania,2012,4.784804344,4.673203945,decrease
Mauritania,2013,4.673203945,4.199015141,decrease
Mauritania,2014,4.199015141,4.482805252,increase
Mauritania,2015,4.482805252,3.922664165,decrease
Mauritania,2016,3.922664165,4.472149372,increase
Mauritius,2011,0,5.477073193,increase
Mauritius,2014,5.477073193,5.647779942,increase
Mauritius,2016,5.647779942,5.610003471,decrease
Mexico,2005,0,6.580657959,increase
Mexico,2008,6.580657959,6.829036236,increase
Mexico,2009,6.829036236,6.962819099,increase
Mexico,2010,6.962819099,6.802388668,decrease
Mexico,2011,6.802388668,6.909515381,increase
Mexico,2012,6.909515381,7.320185184,increase
Mexico,2013,7.320185184,7.442546368,increase
Mexico,2014,7.442546368,6.679831028,decrease
Mexico,2015,6.679831028,6.236287117,decrease
Mexico,2016,6.236287117,6.824172974,increase
Moldova,2008,6.824172974,5.502756119,decrease
Moldova,2009,5.502756119,5.554374218,increase
Moldova,2010,5.554374218,5.589736462,increase
Moldova,2011,5.589736462,5.792262554,increase
Moldova,2012,5.792262554,5.995712757,increase
Moldova,2013,5.995712757,5.75605917,decrease
Moldova,2014,5.75605917,5.917058468,increase
Moldova,2015,5.917058468,6.017472267,increase
Moldova,2016,6.017472267,5.577784061,decrease
Mongolia,2008,5.577784061,4.493010044,decrease
Mongolia,2010,4.493010044,4.585523605,increase
Mongolia,2011,4.585523605,5.031173706,increase
Mongolia,2012,5.031173706,4.885150433,decrease
Mongolia,2013,4.885150433,4.912928104,increase
Mongolia,2014,4.912928104,4.824834824,decrease
Mongolia,2015,4.824834824,4.982719898,increase
Mongolia,2016,4.982719898,5.056999683,increase
Montenegro,2009,5.056999683,4.8010602,decrease
Montenegro,2010,4.8010602,5.455030441,increase
Montenegro,2011,5.455030441,5.223116875,decrease
Montenegro,2012,5.223116875,5.218724251,decrease
Montenegro,2013,5.218724251,5.074341774,decrease
Montenegro,2014,5.074341774,5.282720566,increase
Montenegro,2015,5.282720566,5.124921322,decrease
Montenegro,2016,5.124921322,5.304066181,increase
Morocco,2010,0,4.383247375,increase
Morocco,2011,4.383247375,5.084972858,increase
Morocco,2012,5.084972858,4.969656467,decrease
Morocco,2013,4.969656467,5.142160416,increase
Morocco,2015,5.142160416,5.163156986,increase
Morocco,2016,5.163156986,5.38630724,increase
Mozambique,2008,5.38630724,4.65358305,decrease
Mozambique,2011,4.65358305,4.971111774,increase
Mozambique,2015,4.971111774,4.549767494,decrease
Myanmar,2012,0,4.438939571,increase
Myanmar,2013,4.438939571,4.175670624,decrease
Myanmar,2014,4.175670624,4.786247253,increase
Myanmar,2015,4.786247253,4.223846436,decrease
Myanmar,2016,4.223846436,4.623119831,increase
Namibia,2014,4.623119831,4.573991299,decrease
Nepal,2008,4.573991299,4.440526485,decrease
Nepal,2009,4.440526485,4.91686821,increase
Nepal,2010,4.91686821,4.349675179,decrease
Nepal,2011,4.349675179,3.809444666,decrease
Nepal,2012,3.809444666,4.233244896,increase
Nepal,2013,4.233244896,4.604576588,increase
Nepal,2014,4.604576588,4.975014687,increase
Nepal,2015,4.975014687,4.812436581,decrease
Nepal,2016,4.812436581,5.099539757,increase
Netherlands,2005,0,7.463979244,increase
Netherlands,2008,7.463979244,7.631011963,increase
Netherlands,2010,7.631011963,7.501875877,decrease
Netherlands,2011,7.501875877,7.563797951,increase
Netherlands,2012,7.563797951,7.470715523,decrease
Netherlands,2013,7.470715523,7.406550407,decrease
Netherlands,2014,7.406550407,7.32118845,decrease
Netherlands,2015,7.32118845,7.324437141,increase
Netherlands,2016,7.324437141,7.540877342,increase
New Zealand,2008,7.540877342,7.38117075,decrease
New Zealand,2010,7.38117075,7.223756313,decrease
New Zealand,2011,7.223756313,7.190638065,decrease
New Zealand,2012,7.190638065,7.249629974,increase
New Zealand,2013,7.249629974,7.280151844,increase
New Zealand,2014,7.280151844,7.305892467,increase
New Zealand,2015,7.305892467,7.418120861,increase
New Zealand,2016,7.418120861,7.225687981,decrease
Nicaragua,2008,7.225687981,5.103827477,decrease
Nicaragua,2009,5.103827477,5.352804661,increase
Nicaragua,2010,5.352804661,5.68669939,increase
Nicaragua,2011,5.68669939,5.385705471,decrease
Nicaragua,2012,5.385705471,5.448006153,increase
Nicaragua,2013,5.448006153,5.772274971,increase
Nicaragua,2014,5.772274971,6.275266647,increase
Nicaragua,2015,6.275266647,5.924112797,decrease
Nicaragua,2016,5.924112797,6.012739658,increase
Niger,2008,6.012739658,4.235657215,decrease
Niger,2009,4.235657215,4.267169952,increase
Niger,2010,4.267169952,4.101016045,decrease
Niger,2011,4.101016045,4.555829525,increase
Niger,2012,4.555829525,3.798088312,decrease
Niger,2013,3.798088312,3.716329813,decrease
Niger,2014,3.716329813,4.180943489,increase
Niger,2015,4.180943489,3.671453714,decrease
Niger,2016,3.671453714,4.234645844,increase
Nigeria,2008,4.234645844,4.938560486,increase
Nigeria,2009,4.938560486,4.980220318,increase
Nigeria,2010,4.980220318,4.760275841,decrease
Nigeria,2012,4.760275841,5.492954254,increase
Nigeria,2013,5.492954254,4.81786871,decrease
Nigeria,2015,4.81786871,4.932914734,increase
Nigeria,2016,4.932914734,5.219567776,increase
Northern Cyprus,2012,0,5.463305473,increase
Northern Cyprus,2013,5.463305473,5.566802502,increase
Northern Cyprus,2014,5.566802502,5.785978794,increase
Northern Cyprus,2015,5.785978794,5.842550278,increase
Northern Cyprus,2016,5.842550278,5.827127934,decrease
Norway,2008,5.827127934,7.632287502,increase
Norway,2012,7.632287502,7.678277016,increase
Norway,2014,7.678277016,7.444470882,decrease
Norway,2015,7.444470882,7.603433609,increase
Norway,2016,7.603433609,7.596331596,decrease
Oman,2011,0,6.852982044,increase
Pakistan,2005,0,5.224657536,increase
Pakistan,2008,5.224657536,4.413918972,decrease
Pakistan,2009,4.413918972,5.208146572,increase
Pakistan,2010,5.208146572,5.786132813,increase
Pakistan,2011,5.786132813,5.267186165,decrease
Pakistan,2012,5.267186165,5.131565094,decrease
Pakistan,2013,5.131565094,5.138082504,increase
Pakistan,2014,5.138082504,5.435657978,increase
Pakistan,2015,5.435657978,4.823194981,decrease
Pakistan,2016,4.823194981,5.548508167,increase
Palestine,2008,5.548508167,4.385603428,decrease
Palestine,2009,4.385603428,4.470191479,increase
Palestine,2010,4.470191479,4.702603817,increase
Palestine,2011,4.702603817,4.751219749,increase
Palestine,2012,4.751219749,4.646608353,decrease
Palestine,2013,4.646608353,4.844027996,increase
Palestine,2014,4.844027996,4.721938133,decrease
Palestine,2015,4.721938133,4.695239067,decrease
Palestine,2016,4.695239067,4.906618118,increase
Panama,2008,4.906618118,6.930903435,increase
Panama,2009,6.930903435,7.033740044,increase
Panama,2010,7.033740044,7.3214674,increase
Panama,2011,7.3214674,7.24808073,decrease
Panama,2012,7.24808073,6.859835625,decrease
Panama,2013,6.859835625,6.86648035,increase
Panama,2014,6.86648035,6.631171227,decrease
Panama,2015,6.631171227,6.605550289,decrease
Panama,2016,6.605550289,6.117638111,decrease
Paraguay,2008,6.117638111,5.570061684,decrease
Paraguay,2009,5.570061684,5.576147079,increase
Paraguay,2010,5.576147079,5.841174126,increase
Paraguay,2011,5.841174126,5.677080631,decrease
Paraguay,2012,5.677080631,5.820058346,increase
Paraguay,2013,5.820058346,5.936240673,increase
Paraguay,2014,5.936240673,5.118641853,decrease
Paraguay,2015,5.118641853,5.559724331,increase
Paraguay,2016,5.559724331,5.801380157,increase
Peru,2008,5.801380157,5.129230976,decrease
Peru,2009,5.129230976,5.518846989,increase
Peru,2010,5.518846989,5.612785339,increase
Peru,2011,5.612785339,5.892457485,increase
Peru,2012,5.892457485,5.824557304,decrease
Peru,2013,5.824557304,5.782557487,decrease
Peru,2014,5.782557487,5.865815639,increase
Peru,2015,5.865815639,5.577263355,decrease
Peru,2016,5.577263355,5.700628757,increase
Philippines,2008,5.700628757,4.589065075,decrease
Philippines,2009,4.589065075,4.879910946,increase
Philippines,2010,4.879910946,4.941514015,increase
Philippines,2011,4.941514015,4.993956566,increase
Philippines,2012,4.993956566,5.001965046,increase
Philippines,2013,5.001965046,4.976925373,decrease
Philippines,2014,4.976925373,5.312550068,increase
Philippines,2015,5.312550068,5.547489166,increase
Philippines,2016,5.547489166,5.430832863,decrease
Poland,2005,0,5.587209225,increase
Poland,2009,5.587209225,5.772027493,increase
Poland,2010,5.772027493,5.887029648,increase
Poland,2011,5.887029648,5.646204948,decrease
Poland,2012,5.646204948,5.87593174,increase
Poland,2013,5.87593174,5.746131897,decrease
Poland,2014,5.746131897,5.750282288,increase
Poland,2015,5.750282288,6.007021904,increase
Poland,2016,6.007021904,6.162076473,increase
Portugal,2008,6.162076473,5.716966629,decrease
Portugal,2010,5.716966629,5.094525814,decrease
Portugal,2011,5.094525814,5.219997883,increase
Portugal,2012,5.219997883,4.993962288,decrease
Portugal,2013,4.993962288,5.157688141,increase
Portugal,2014,5.157688141,5.12691164,decrease
Portugal,2015,5.12691164,5.080866337,decrease
Portugal,2016,5.080866337,5.446637154,increase
Qatar,2009,0,6.417824268,increase
Qatar,2010,6.417824268,6.849652767,increase
Qatar,2011,6.849652767,6.591604233,decrease
Qatar,2012,6.591604233,6.611298561,increase
Qatar,2015,6.611298561,6.374529362,decrease
Romania,2005,0,5.048648357,increase
Romania,2009,5.048648357,5.367565155,increase
Romania,2010,5.367565155,4.909165859,decrease
Romania,2011,4.909165859,5.02275753,increase
Romania,2012,5.02275753,5.166874886,increase
Romania,2013,5.166874886,5.081584454,decrease
Romania,2014,5.081584454,5.726893425,increase
Romania,2015,5.726893425,5.777491093,increase
Romania,2016,5.777491093,5.96887064,increase
Russia,2008,5.96887064,5.61875391,decrease
Russia,2009,5.61875391,5.158227921,decrease
Russia,2010,5.158227921,5.384773254,increase
Russia,2011,5.384773254,5.388766289,increase
Russia,2012,5.388766289,5.620735645,increase
Russia,2013,5.620735645,5.537177563,decrease
Russia,2014,5.537177563,6.036976814,increase
Russia,2015,6.036976814,5.995538712,decrease
Russia,2016,5.995538712,5.85494566,decrease
Rwanda,2008,5.85494566,4.362988949,decrease
Rwanda,2009,4.362988949,4.029761791,decrease
Rwanda,2011,4.029761791,4.097435951,increase
Rwanda,2012,4.097435951,3.333047867,decrease
Rwanda,2013,3.333047867,3.466387749,increase
Rwanda,2014,3.466387749,3.595678329,increase
Rwanda,2015,3.595678329,3.483108997,decrease
Rwanda,2016,3.483108997,3.332989931,decrease
Saudi Arabia,2005,0,7.079644203,increase
Saudi Arabia,2008,7.079644203,6.811370373,decrease
Saudi Arabia,2009,6.811370373,6.14759016,decrease
Saudi Arabia,2010,6.14759016,6.307098389,increase
Saudi Arabia,2011,6.307098389,6.699789524,increase
Saudi Arabia,2012,6.699789524,6.396359444,decrease
Saudi Arabia,2013,6.396359444,6.495132923,increase
Saudi Arabia,2014,6.495132923,6.27837801,decrease
Saudi Arabia,2015,6.27837801,6.345491886,increase
Saudi Arabia,2016,6.345491886,6.473921299,increase
Senegal,2008,6.473921299,4.683499813,decrease
Senegal,2009,4.683499813,4.335114002,decrease
Senegal,2010,4.335114002,4.372156143,increase
Senegal,2011,4.372156143,3.834201574,decrease
Senegal,2012,3.834201574,3.668736935,decrease
Senegal,2013,3.668736935,3.647367001,decrease
Senegal,2014,3.647367001,4.394777298,increase
Senegal,2015,4.394777298,4.61700058,increase
Senegal,2016,4.61700058,4.59453392,decrease
Serbia,2009,4.59453392,4.380311966,decrease
Serbia,2010,4.380311966,4.461304188,increase
Serbia,2011,4.461304188,4.815186501,increase
Serbia,2012,4.815186501,5.154521942,increase
Serbia,2013,5.154521942,5.101840496,decrease
Serbia,2014,5.101840496,5.112728596,increase
Serbia,2015,5.112728596,5.317685127,increase
Serbia,2016,5.317685127,5.752754688,increase
Sierra Leone,2008,5.752754688,2.997251034,decrease
Sierra Leone,2010,2.997251034,4.133955956,increase
Sierra Leone,2011,4.133955956,4.501643658,increase
Sierra Leone,2013,4.501643658,4.514291286,increase
Sierra Leone,2014,4.514291286,4.499970436,decrease
Sierra Leone,2015,4.499970436,4.908617973,increase
Sierra Leone,2016,4.908617973,4.732953072,decrease
Singapore,2008,4.732953072,6.641956806,increase
Singapore,2009,6.641956806,6.144676685,decrease
Singapore,2010,6.144676685,6.531401634,increase
Singapore,2011,6.531401634,6.561041832,increase
Singapore,2013,6.561041832,6.53320694,decrease
Singapore,2014,6.53320694,7.062364578,increase
Singapore,2015,7.062364578,6.619524956,decrease
Singapore,2016,6.619524956,6.033480644,decrease
Slovakia,2010,6.033480644,6.052223206,increase
Slovakia,2011,6.052223206,5.945048332,decrease
Slovakia,2012,5.945048332,5.91105938,decrease
Slovakia,2013,5.91105938,5.936527252,increase
Slovakia,2014,5.936527252,6.1388731,increase
Slovakia,2015,6.1388731,6.162004471,increase
Slovakia,2016,6.162004471,5.993163109,decrease
Slovenia,2009,5.993163109,5.830160618,decrease
Slovenia,2010,5.830160618,6.082555294,increase
Slovenia,2011,6.082555294,6.035964012,decrease
Slovenia,2012,6.035964012,6.062891006,increase
Slovenia,2013,6.062891006,5.974888802,decrease
Slovenia,2014,5.974888802,5.678395271,decrease
Slovenia,2015,5.678395271,5.740642071,increase
Slovenia,2016,5.740642071,5.936821461,increase
Somalia,2009,0,4.991399765,increase
Somalia,2010,4.991399765,4.657363415,decrease
Somalia,2011,4.657363415,4.930571556,increase
Somalia,2012,4.930571556,5.057314396,increase
Somalia,2014,5.057314396,5.528272629,increase
Somalia,2015,5.528272629,5.353644848,decrease
Somalia,2016,5.353644848,4.667941093,decrease
South Africa,2008,4.667941093,5.346306801,increase
South Africa,2009,5.346306801,5.218430996,decrease
South Africa,2010,5.218430996,4.652428627,decrease
South Africa,2011,4.652428627,4.930511475,increase
South Africa,2012,4.930511475,5.133887768,increase
South Africa,2013,5.133887768,3.660727262,decrease
South Africa,2014,3.660727262,4.828456402,increase
South Africa,2015,4.828456402,4.887325764,increase
South Africa,2016,4.887325764,4.769739628,decrease
South Korea,2008,4.769739628,5.389624596,increase
South Korea,2009,5.389624596,5.647689819,increase
South Korea,2010,5.647689819,6.116024494,increase
South Korea,2011,6.116024494,6.946599007,increase
South Korea,2012,6.946599007,6.003286839,decrease
South Korea,2013,6.003286839,5.958809853,decrease
South Korea,2014,5.958809853,5.801325321,decrease
South Korea,2015,5.801325321,5.780211449,decrease
South Korea,2016,5.780211449,5.970564365,increase
South Sudan,2014,0,3.831992388,increase
South Sudan,2015,3.831992388,4.070771217,increase
South Sudan,2016,4.070771217,2.888112307,decrease
Spain,2005,0,7.152785778,increase
Spain,2008,7.152785778,7.294472694,increase
Spain,2009,7.294472694,6.198601246,decrease
Spain,2010,6.198601246,6.188262463,decrease
Spain,2011,6.188262463,6.518249035,increase
Spain,2012,6.518249035,6.290690422,decrease
Spain,2013,6.290690422,6.150027275,decrease
Spain,2014,6.150027275,6.456477642,increase
Spain,2015,6.456477642,6.380663395,decrease
Spain,2016,6.380663395,6.318612099,decrease
Sri Lanka,2008,6.318612099,4.430846214,decrease
Sri Lanka,2009,4.430846214,4.212026596,decrease
Sri Lanka,2010,4.212026596,3.976905107,decrease
Sri Lanka,2011,3.976905107,4.180569172,increase
Sri Lanka,2012,4.180569172,4.224593163,increase
Sri Lanka,2013,4.224593163,4.364694118,increase
Sri Lanka,2014,4.364694118,4.267932892,decrease
Sri Lanka,2015,4.267932892,4.611606598,increase
Sudan,2009,0,4.454917431,increase
Sudan,2010,4.454917431,4.435159683,decrease
Sudan,2011,4.435159683,4.314456463,decrease
Sudan,2012,4.314456463,4.550499439,increase
Sudan,2014,4.550499439,4.138672829,decrease
Suriname,2012,0,6.269286633,increase
Swaziland,2011,0,4.867091179,increase
Sweden,2005,0,7.376315594,increase
Sweden,2008,7.376315594,7.51599741,increase
Sweden,2009,7.51599741,7.265977383,decrease
Sweden,2010,7.265977383,7.496018887,increase
Sweden,2011,7.496018887,7.382232189,decrease
Sweden,2012,7.382232189,7.560147762,increase
Sweden,2013,7.560147762,7.434010506,decrease
Sweden,2014,7.434010506,7.239147663,decrease
Sweden,2015,7.239147663,7.28892231,increase
Sweden,2016,7.28892231,7.368744373,increase
Switzerland,2009,7.368744373,7.524520874,increase
Switzerland,2012,7.524520874,7.776208878,increase
Switzerland,2014,7.776208878,7.492803574,decrease
Switzerland,2015,7.492803574,7.572136879,increase
Switzerland,2016,7.572136879,7.458519936,decrease
Syria,2008,0,5.32333231,increase
Syria,2009,5.32333231,4.978970528,decrease
Syria,2010,4.978970528,4.464707851,decrease
Syria,2011,4.464707851,4.037889481,decrease
Syria,2012,4.037889481,3.164491177,decrease
Syria,2013,3.164491177,2.687552929,decrease
Syria,2015,2.687552929,3.46191287,increase
Taiwan,2008,3.46191287,5.547682285,increase
Taiwan,2010,5.547682285,6.228530884,increase
Taiwan,2011,6.228530884,6.308915138,increase
Taiwan,2012,6.308915138,6.125916958,decrease
Taiwan,2013,6.125916958,6.340344429,increase
Taiwan,2014,6.340344429,6.36349678,increase
Taiwan,2015,6.36349678,6.450088024,increase
Taiwan,2016,6.450088024,6.512850761,increase
Tajikistan,2008,6.512850761,5.063986778,decrease
Tajikistan,2009,5.063986778,4.575174809,decrease
Tajikistan,2010,4.575174809,4.380636215,decrease
Tajikistan,2011,4.380636215,4.262671471,decrease
Tajikistan,2012,4.262671471,4.496571541,increase
Tajikistan,2013,4.496571541,4.966521263,increase
Tajikistan,2014,4.966521263,4.896157742,decrease
Tajikistan,2015,4.896157742,5.124210835,increase
Tajikistan,2016,5.124210835,5.103721142,decrease
Tanzania,2008,5.103721142,4.384741783,decrease
Tanzania,2009,4.384741783,3.407507896,decrease
Tanzania,2010,3.407507896,3.229129076,decrease
Tanzania,2011,3.229129076,4.073562145,increase
Tanzania,2012,4.073562145,4.006897449,decrease
Tanzania,2013,4.006897449,3.852394819,decrease
Tanzania,2014,3.852394819,3.483278513,decrease
Tanzania,2015,3.483278513,3.660597324,increase
Tanzania,2016,3.660597324,2.90273428,decrease
Thailand,2008,2.90273428,5.636471272,increase
Thailand,2009,5.636471272,5.475645065,decrease
Thailand,2010,5.475645065,6.216702938,increase
Thailand,2011,6.216702938,6.663609028,increase
Thailand,2012,6.663609028,6.300235271,decrease
Thailand,2013,6.300235271,6.231024742,decrease
Thailand,2014,6.231024742,6.985463619,increase
Thailand,2015,6.985463619,6.201762676,decrease
Thailand,2016,6.201762676,6.07363987,decrease
Togo,2008,6.07363987,2.807855129,decrease
Togo,2011,2.807855129,2.936220884,increase
Togo,2014,2.936220884,2.83895874,decrease
Togo,2015,2.83895874,3.768301964,increase
Togo,2016,3.768301964,3.878578424,increase
Trinidad and Tobago,2008,3.878578424,6.696444035,increase
Trinidad and Tobago,2011,6.696444035,6.518745899,decrease
Trinidad and Tobago,2013,6.518745899,6.167706966,decrease
Tunisia,2009,0,5.025470257,increase
Tunisia,2010,5.025470257,5.130520821,increase
Tunisia,2011,5.130520821,4.87648201,decrease
Tunisia,2012,4.87648201,4.463531017,decrease
Tunisia,2013,4.463531017,5.245604992,increase
Tunisia,2014,5.245604992,4.763594627,decrease
Tunisia,2015,4.763594627,5.131611824,increase
Tunisia,2016,5.131611824,4.521453381,decrease
Turkey,2005,0,4.718733788,increase
Turkey,2008,4.718733788,5.118231773,increase
Turkey,2009,5.118231773,5.212841511,increase
Turkey,2010,5.212841511,5.490347385,increase
Turkey,2011,5.490347385,5.271944046,decrease
Turkey,2012,5.271944046,5.309076309,increase
Turkey,2013,5.309076309,4.888177395,decrease
Turkey,2014,4.888177395,5.579794407,increase
Turkey,2015,5.579794407,5.514465332,decrease
Turkey,2016,5.514465332,5.326221943,decrease
Turkmenistan,2009,0,6.567713261,increase
Turkmenistan,2011,6.567713261,5.791754723,decrease
Turkmenistan,2012,5.791754723,5.463827133,decrease
Turkmenistan,2013,5.463827133,5.391762733,decrease
Turkmenistan,2014,5.391762733,5.787379265,increase
Turkmenistan,2015,5.787379265,5.791460037,increase
Turkmenistan,2016,5.791460037,5.887051582,increase
Uganda,2008,5.887051582,4.568619251,decrease
Uganda,2009,4.568619251,4.611985683,increase
Uganda,2010,4.611985683,4.192882061,decrease
Uganda,2011,4.192882061,4.826001167,increase
Uganda,2012,4.826001167,4.309237957,decrease
Uganda,2013,4.309237957,3.709578753,decrease
Uganda,2014,3.709578753,3.769919157,increase
Uganda,2015,3.769919157,4.237686634,increase
Uganda,2016,4.237686634,4.233261108,decrease
Ukraine,2008,4.233261108,5.172380447,increase
Ukraine,2009,5.172380447,5.1656394,decrease
Ukraine,2010,5.1656394,5.057561398,decrease
Ukraine,2011,5.057561398,5.083132744,increase
Ukraine,2012,5.083132744,5.030342102,decrease
Ukraine,2013,5.030342102,4.710802555,decrease
Ukraine,2014,4.710802555,4.297329903,decrease
Ukraine,2015,4.297329903,3.964542866,decrease
Ukraine,2016,3.964542866,4.028690338,increase
United Arab Emirates,2009,4.028690338,6.866062641,increase
United Arab Emirates,2010,6.866062641,7.097455502,increase
United Arab Emirates,2011,7.097455502,7.118701458,increase
United Arab Emirates,2012,7.118701458,7.217766762,increase
United Arab Emirates,2013,7.217766762,6.620951176,decrease
United Arab Emirates,2014,6.620951176,6.539854527,decrease
United Arab Emirates,2015,6.539854527,6.568397522,increase
United Arab Emirates,2016,6.568397522,6.83095026,increase
United Kingdom,2005,0,6.983556747,increase
United Kingdom,2008,6.983556747,6.986463547,increase
United Kingdom,2009,6.986463547,6.90654707,decrease
United Kingdom,2010,6.90654707,7.029364109,increase
United Kingdom,2011,7.029364109,6.869248867,decrease
United Kingdom,2012,6.869248867,6.880784035,increase
United Kingdom,2013,6.880784035,6.918055058,increase
United Kingdom,2014,6.918055058,6.758147717,decrease
United Kingdom,2015,6.758147717,6.515445232,decrease
United Kingdom,2016,6.515445232,6.8242836,increase
United States,2008,6.8242836,7.280385971,increase
United States,2009,7.280385971,7.158032417,decrease
United States,2010,7.158032417,7.16361618,increase
United States,2011,7.16361618,7.115138531,decrease
United States,2012,7.115138531,7.026226997,decrease
United States,2013,7.026226997,7.249285221,increase
United States,2014,7.249285221,7.151114464,decrease
United States,2015,7.151114464,6.863946915,decrease
United States,2016,6.863946915,6.803599834,decrease
Uruguay,2008,6.803599834,5.663869858,decrease
Uruguay,2009,5.663869858,6.296222687,increase
Uruguay,2010,6.296222687,6.062010765,decrease
Uruguay,2011,6.062010765,6.554047108,increase
Uruguay,2012,6.554047108,6.449728489,decrease
Uruguay,2013,6.449728489,6.444464684,decrease
Uruguay,2014,6.444464684,6.561443806,increase
Uruguay,2015,6.561443806,6.628080368,increase
Uruguay,2016,6.628080368,6.171485424,decrease
Uzbekistan,2008,6.171485424,5.311368465,decrease
Uzbekistan,2009,5.311368465,5.26072073,decrease
Uzbekistan,2010,5.26072073,5.095342159,decrease
Uzbekistan,2011,5.095342159,5.738744259,increase
Uzbekistan,2012,5.738744259,6.019331932,increase
Uzbekistan,2013,6.019331932,5.939986229,decrease
Uzbekistan,2014,5.939986229,6.049212456,increase
Uzbekistan,2015,6.049212456,5.972364426,decrease
Uzbekistan,2016,5.972364426,5.892539024,decrease
Venezuela,2005,0,7.169620991,increase
Venezuela,2008,7.169620991,6.257771492,decrease
Venezuela,2009,6.257771492,7.188803196,increase
Venezuela,2010,7.188803196,7.47845459,increase
Venezuela,2011,7.47845459,6.579789162,decrease
Venezuela,2012,6.579789162,7.066577435,increase
Venezuela,2013,7.066577435,6.552796364,decrease
Venezuela,2014,6.552796364,6.136096478,decrease
Venezuela,2015,6.136096478,5.568800449,decrease
Venezuela,2016,5.568800449,4.041114807,decrease
Vietnam,2008,4.041114807,5.480425358,increase
Vietnam,2009,5.480425358,5.304264545,decrease
Vietnam,2010,5.304264545,5.295780659,decrease
Vietnam,2011,5.295780659,5.767344475,increase
Vietnam,2012,5.767344475,5.53456974,decrease
Vietnam,2013,5.53456974,5.022698879,decrease
Vietnam,2014,5.022698879,5.084923267,increase
Vietnam,2015,5.084923267,5.076315403,decrease
Vietnam,2016,5.076315403,5.062267303,decrease
Yemen,2009,5.062267303,4.809258938,decrease
Yemen,2010,4.809258938,4.35031271,decrease
Yemen,2011,4.35031271,3.746255636,decrease
Yemen,2012,3.746255636,4.060600758,increase
Yemen,2013,4.060600758,4.217678547,increase
Yemen,2014,4.217678547,3.967957973,decrease
Yemen,2015,3.967957973,2.982673883,decrease
Yemen,2016,2.982673883,3.825630903,increase
Zambia,2008,3.825630903,4.730263233,increase
Zambia,2009,4.730263233,5.260360718,increase
Zambia,2011,5.260360718,4.99911356,decrease
Zambia,2012,4.99911356,5.013374805,increase
Zambia,2013,5.013374805,5.243995667,increase
Zambia,2014,5.243995667,4.345837116,decrease
Zambia,2015,4.345837116,4.843164444,increase
Zambia,2016,4.843164444,4.347543716,decrease
Zimbabwe,2008,4.347543716,3.174263716,decrease
Zimbabwe,2009,3.174263716,4.055914402,increase
Zimbabwe,2010,4.055914402,4.681569576,increase
Zimbabwe,2011,4.681569576,4.845641613,increase
Zimbabwe,2012,4.845641613,4.955100536,increase
Zimbabwe,2013,4.955100536,4.690187931,decrease
Zimbabwe,2014,4.690187931,4.184450626,decrease
Zimbabwe,2015,4.184450626,3.70319128,decrease
Zimbabwe,2016,3.70319128,3.7354002,increase
