Afghanistan,3.723589897,2008
Afghanistan,4.401778221,2009
Afghanistan,4.75838089,2010
Afghanistan,3.83171916,2011
Afghanistan,3.782937527,2012
Afghanistan,3.572100401,2013
Afghanistan,3.130895615,2014
Afghanistan,3.982854605,2015
Afghanistan,4.220168591,2016
Afghanistan,2.66171813,2017
Afghanistan,2.694303274,2018
Albania,4.634251595,2007
Albania,5.485469818,2009
Albania,5.268936634,2010
Albania,5.867421627,2011
Albania,5.510124207,2012
Albania,4.550647736,2013
Albania,4.813763142,2014
Albania,4.606650829,2015
Albania,4.511100769,2016
Albania,4.639548302,2017
Albania,5.004402637,2018
Algeria,5.46356678,2010
Algeria,5.317194462,2011
Algeria,5.604595661,2012
Algeria,6.354898453,2014
Algeria,5.340853691,2016
Algeria,5.248912334,2017
Algeria,5.043086052,2018
Angola,5.589000702,2011
Angola,4.360249996,2012
Angola,3.937106848,2013
Angola,3.794837952,2014
Argentina,6.312925339,2006
Argentina,6.073158264,2007
Argentina,5.961034298,2008
Argentina,6.424133301,2009
Argentina,6.441067219,2010
Argentina,6.775805473,2011
Argentina,6.468387127,2012
Argentina,6.582260132,2013
Argentina,6.671114445,2014
Argentina,6.69713068,2015
Argentina,6.427221298,2016
Argentina,6.039330006,2017
Argentina,5.792796612,2018
Armenia,4.289310932,2006
Armenia,4.881515503,2007
Armenia,4.651972294,2008
Armenia,4.177581787,2009
Armenia,4.367811203,2010
Armenia,4.260491371,2011
Armenia,4.319711685,2012
Armenia,4.277191162,2013
Armenia,4.453083038,2014
Armenia,4.34831953,2015
Armenia,4.325471878,2016
Armenia,4.287736416,2017
Armenia,5.062448502,2018
Australia,7.340688229,2005
Australia,7.285390854,2007
Australia,7.253757477,2008
Australia,7.450047016,2010
Australia,7.405616283,2011
Australia,7.195585728,2012
Australia,7.364169121,2013
Australia,7.288550377,2014
Australia,7.309060574,2015
Australia,7.250080109,2016
Australia,7.25703764,2017
Australia,7.17699337,2018
Austria,7.122211456,2006
Austria,7.180953979,2008
Austria,7.302678585,2010
Austria,7.470512867,2011
Austria,7.400688648,2012
Austria,7.498802662,2013
Austria,6.949999809,2014
Austria,7.07644701,2015
Austria,7.048071861,2016
Austria,7.293727875,2017
Austria,7.396001816,2018
Azerbaijan,4.727870941,2006
Azerbaijan,4.56815958,2007
Azerbaijan,4.817189217,2008
Azerbaijan,4.573725224,2009
Azerbaijan,4.218610764,2010
Azerbaijan,4.680469513,2011
Azerbaijan,4.910771847,2012
Azerbaijan,5.481178284,2013
Azerbaijan,5.25153017,2014
Azerbaijan,5.146774769,2015
Azerbaijan,5.303894997,2016
Azerbaijan,5.152279377,2017
Azerbaijan,5.167995453,2018
Bahrain,5.700523376,2009
Bahrain,5.936869144,2010
Bahrain,4.82397604,2011
Bahrain,5.027186871,2012
Bahrain,6.689711094,2013
Bahrain,6.165133953,2014
Bahrain,6.00737524,2015
Bahrain,6.169673443,2016
Bahrain,6.227320671,2017
Bangladesh,4.318909168,2006
Bangladesh,4.607322216,2007
Bangladesh,5.052278519,2008
Bangladesh,5.08285141,2009
Bangladesh,4.858481407,2010
Bangladesh,4.985649109,2011
Bangladesh,4.724443913,2012
Bangladesh,4.660161018,2013
Bangladesh,4.635564804,2014
Bangladesh,4.633473873,2015
Bangladesh,4.5561409,2016
Bangladesh,4.309771061,2017
Bangladesh,4.499217033,2018
Belarus,5.657649994,2006
Belarus,5.616976261,2007
Belarus,5.463332176,2008
Belarus,5.56413126,2009
Belarus,5.525923252,2010
Belarus,5.225307941,2011
Belarus,5.749043465,2012
Belarus,5.876466274,2013
Belarus,5.812400818,2014
Belarus,5.718907833,2015
Belarus,5.177899361,2016
Belarus,5.552915096,2017
Belarus,5.233769894,2018
Belgium,7.262290478,2005
Belgium,7.218839645,2007
Belgium,7.116590977,2008
Belgium,6.853514194,2010
Belgium,7.111363888,2011
Belgium,6.935122013,2012
Belgium,7.10366106,2013
Belgium,6.855329037,2014
Belgium,6.904219151,2015
Belgium,6.948936462,2016
Belgium,6.928347588,2017
Belgium,6.89217186,2018
Belize,6.450644493,2007
Belize,5.955646515,2014
Benin,3.329801559,2006
Benin,3.66713953,2008
Benin,3.870279551,2011
Benin,3.193468809,2012
Benin,3.479412794,2013
Benin,3.347419262,2014
Benin,3.624664307,2015
Benin,4.007357597,2016
Benin,4.853180885,2017
Benin,5.81982708,2018
Bhutan,5.569091797,2013
Bhutan,4.938578129,2014
Bhutan,5.082128525,2015
Bolivia,5.373986244,2006
Bolivia,5.628419399,2007
Bolivia,5.297872543,2008
Bolivia,6.085579395,2009
Bolivia,5.780620098,2010
Bolivia,5.778874397,2011
Bolivia,6.018894672,2012
Bolivia,5.767428875,2013
Bolivia,5.864798546,2014
Bolivia,5.834329128,2015
Bolivia,5.769723415,2016
Bolivia,5.65055275,2017
Bolivia,5.915734291,2018
Bosnia and Herzegovina,4.899806976,2007
Bosnia and Herzegovina,4.963477135,2009
Bosnia and Herzegovina,4.66851759,2010
Bosnia and Herzegovina,4.994670868,2011
Bosnia and Herzegovina,4.773144722,2012
Bosnia and Herzegovina,5.123664379,2013
Bosnia and Herzegovina,5.248954296,2014
Bosnia and Herzegovina,5.117177963,2015
Bosnia and Herzegovina,5.180865288,2016
Bosnia and Herzegovina,5.089902401,2017
Bosnia and Herzegovina,5.887401104,2018
Botswana,4.739367008,2006
Botswana,5.451147079,2008
Botswana,3.553020239,2010
Botswana,3.519921064,2011
Botswana,4.835938931,2012
Botswana,4.128298759,2013
Botswana,4.031197071,2014
Botswana,3.761964798,2015
Botswana,3.498936653,2016
Botswana,3.504881144,2017
Botswana,3.4613657,2018
Brazil,6.636771202,2005
Brazil,6.320672989,2007
Brazil,6.691424847,2008
Brazil,7.000831604,2009
Brazil,6.837331295,2010
Brazil,7.037816525,2011
Brazil,6.660003662,2012
Brazil,7.140282631,2013
Brazil,6.980998993,2014
Brazil,6.546896935,2015
Brazil,6.374817371,2016
Brazil,6.332929134,2017
Brazil,6.190921783,2018
Bulgaria,3.843797922,2007
Bulgaria,3.912276268,2010
Bulgaria,3.875382423,2011
Bulgaria,4.222297192,2012
Bulgaria,3.993020535,2013
Bulgaria,4.438439846,2014
Bulgaria,4.865401268,2015
Bulgaria,4.837560654,2016
Bulgaria,5.096901894,2017
Bulgaria,5.098813534,2018
Burkina Faso,3.801490784,2006
Burkina Faso,4.017130375,2007
Burkina Faso,3.846438885,2008
Burkina Faso,4.035560608,2010
Burkina Faso,4.785367489,2011
Burkina Faso,3.95500803,2012
Burkina Faso,3.325949669,2013
Burkina Faso,3.481347799,2014
Burkina Faso,4.418930054,2015
Burkina Faso,4.205634594,2016
Burkina Faso,4.646891117,2017
Burkina Faso,4.92723608,2018
Burundi,3.563227654,2008
Burundi,3.791680813,2009
Burundi,3.705894232,2011
Burundi,2.904535055,2014
Burundi,3.775283098,2018
Cambodia,3.568744659,2006
Cambodia,4.15597105,2007
Cambodia,4.462163925,2008
Cambodia,4.110625744,2009
Cambodia,4.141072273,2010
Cambodia,4.161225319,2011
Cambodia,3.898706913,2012
Cambodia,3.674466848,2013
Cambodia,3.88330555,2014
Cambodia,4.162164688,2015
Cambodia,4.461259365,2016
Cambodia,4.585842133,2017
Cambodia,5.121837616,2018
Cameroon,3.851072073,2006
Cameroon,4.349939346,2007
Cameroon,4.291800499,2008
Cameroon,4.741408348,2009
Cameroon,4.554256916,2010
Cameroon,4.433885098,2011
Cameroon,4.244634151,2012
Cameroon,4.271038055,2013
Cameroon,4.240441322,2014
Cameroon,5.037964821,2015
Cameroon,4.816232204,2016
Cameroon,5.07405138,2017
Cameroon,5.250737667,2018
Canada,7.418048382,2005
Canada,7.481752872,2007
Canada,7.485603809,2008
Canada,7.48782444,2009
Canada,7.650346279,2010
Canada,7.426053524,2011
Canada,7.415144444,2012
Canada,7.593793869,2013
Canada,7.30425787,2014
Canada,7.412772655,2015
Canada,7.244845867,2016
Canada,7.414868355,2017
Canada,7.175496578,2018
Central African Republic,4.160129547,2007
Central African Republic,3.567892551,2010
Central African Republic,3.677826405,2011
Central African Republic,2.693061113,2016
Central African Republic,3.475862026,2017
Chad,3.434800625,2006
Chad,4.141326904,2007
Chad,4.632468224,2008
Chad,3.639445066,2009
Chad,3.742871046,2010
Chad,4.393482208,2011
Chad,4.03297472,2012
Chad,3.507663012,2013
Chad,3.460182905,2014
Chad,4.322675228,2015
Chad,4.029350281,2016
Chad,4.558937073,2017
Chad,4.486325264,2018
Chile,6.062851906,2006
Chile,5.697929859,2007
Chile,5.789438725,2008
Chile,6.493686199,2009
Chile,6.63565588,2010
Chile,6.526334763,2011
Chile,6.599128723,2012
Chile,6.74015379,2013
Chile,6.844238281,2014
Chile,6.532749653,2015
Chile,6.579056263,2016
Chile,6.320119381,2017
Chile,6.436220646,2018
China,4.560495377,2006
China,4.86286211,2007
China,4.84629488,2008
China,4.454360962,2009
China,4.652736664,2010
China,5.037207603,2011
China,5.094917297,2012
China,5.241090298,2013
China,5.195619106,2014
China,5.303877831,2015
China,5.32495594,2016
China,5.099061489,2017
China,5.131433964,2018
Colombia,6.024942875,2006
Colombia,6.138411522,2007
Colombia,6.168395042,2008
Colombia,6.271604538,2009
Colombia,6.40811348,2010
Colombia,6.463952541,2011
Colombia,6.374879837,2012
Colombia,6.606550694,2013
Colombia,6.44878912,2014
Colombia,6.387571812,2015
Colombia,6.233715057,2016
Colombia,6.157341957,2017
Colombia,5.983512402,2018
Comoros,3.47602725,2009
Comoros,3.81219101,2010
Comoros,3.838485956,2011
Comoros,3.955640316,2012
Comoros,3.972819567,2018
Congo,3.819792271,2008
Congo,4.509824276,2011
Congo,3.919341803,2012
Congo,3.954950571,2013
Congo,4.05601263,2014
Congo,4.690830231,2015
Congo,4.119493484,2016
Congo,4.883991241,2017
Congo,5.490214348,2018
Costa Rica,7.082465172,2006
Costa Rica,7.432132244,2007
Costa Rica,6.850679874,2008
Costa Rica,7.614928722,2009
Costa Rica,7.271053791,2010
Costa Rica,7.228888512,2011
Costa Rica,7.272250175,2012
Costa Rica,7.158000469,2013
Costa Rica,7.247086048,2014
Costa Rica,6.854004383,2015
Costa Rica,7.135617733,2016
Costa Rica,7.22518158,2017
Costa Rica,7.141074657,2018
Cote d'Ivoire,4.197181702,2009
Cote d'Ivoire,3.739365578,2013
Cote d'Ivoire,3.570368528,2014
Cote d'Ivoire,4.445038795,2015
Cote d'Ivoire,4.542545795,2016
Cote d'Ivoire,5.037734985,2017
Cote d'Ivoire,5.26837492,2018
Croatia,5.820907593,2007
Croatia,5.433319569,2009
Croatia,5.595575333,2010
Croatia,5.385372639,2011
Croatia,6.027634621,2012
Croatia,5.885462761,2013
Croatia,5.380692482,2014
Croatia,5.205438137,2015
Croatia,5.416875362,2016
Croatia,5.343165874,2017
Croatia,5.536271095,2018
Cuba,5.417868614,2006
Cyprus,6.237958431,2006
Cyprus,6.833477497,2009
Cyprus,6.386546135,2010
Cyprus,6.689608574,2011
Cyprus,6.180507183,2012
Cyprus,5.438952446,2013
Cyprus,5.627123833,2014
Cyprus,5.439161301,2015
Cyprus,5.794618607,2016
Cyprus,6.062051296,2017
Cyprus,6.276443005,2018
Czech Republic,6.439256668,2005
Czech Republic,6.500194073,2007
Czech Republic,6.249617577,2010
Czech Republic,6.331490993,2011
Czech Republic,6.334149361,2012
Czech Republic,6.697655678,2013
Czech Republic,6.483729839,2014
Czech Republic,6.608017445,2015
Czech Republic,6.735627174,2016
Czech Republic,6.789567947,2017
Czech Republic,7.034165382,2018
Democratic Republic of Congo,3.983848572,2009
Democratic Republic of Congo,4.516963959,2011
Democratic Republic of Congo,4.63922739,2012
Democratic Republic of Congo,4.497477055,2013
Democratic Republic of Congo,4.414299965,2014
Democratic Republic of Congo,3.902741671,2015
Democratic Republic of Congo,4.521935463,2016
Democratic Republic of Congo,4.311033249,2017
Denmark,8.01893425,2005
Denmark,7.834233284,2007
Denmark,7.970891953,2008
Denmark,7.683358669,2009
Denmark,7.770515442,2010
Denmark,7.78823185,2011
Denmark,7.519909382,2012
Denmark,7.588606834,2013
Denmark,7.507559299,2014
Denmark,7.514424801,2015
Denmark,7.55778265,2016
Denmark,7.593702316,2017
Denmark,7.648785591,2018
Djibouti,5.009330273,2008
Djibouti,4.905925274,2009
Djibouti,5.005810738,2010
Djibouti,4.369193554,2011
Dominican Republic,5.087967873,2006
Dominican Republic,5.081305981,2007
Dominican Republic,4.84230566,2008
Dominican Republic,5.431613922,2009
Dominican Republic,4.735021114,2010
Dominican Republic,5.396535397,2011
Dominican Republic,4.753311157,2012
Dominican Republic,5.015515327,2013
Dominican Republic,5.387331963,2014
Dominican Republic,5.061862469,2015
Dominican Republic,5.238698483,2016
Dominican Republic,5.605202675,2017
Dominican Republic,5.433215618,2018
Ecuador,5.02419138,2006
Ecuador,4.995875359,2007
Ecuador,5.296513081,2008
Ecuador,6.021803379,2009
Ecuador,5.838051319,2010
Ecuador,5.795088291,2011
Ecuador,5.960716248,2012
Ecuador,6.019206047,2013
Ecuador,5.945851803,2014
Ecuador,5.964075089,2015
Ecuador,6.115437508,2016
Ecuador,5.839518547,2017
Ecuador,6.128010273,2018
Egypt,5.167754173,2005
Egypt,5.540510654,2007
Egypt,4.631741047,2008
Egypt,5.066164494,2009
Egypt,4.668916225,2010
Egypt,4.174158573,2011
Egypt,4.204156876,2012
Egypt,3.558520317,2013
Egypt,4.885072708,2014
Egypt,4.762538433,2015
Egypt,4.556740761,2016
Egypt,3.929344177,2017
Egypt,4.005450726,2018
El Salvador,5.700929642,2006
El Salvador,5.295535088,2007
El Salvador,5.191493988,2008
El Salvador,6.839087009,2009
El Salvador,6.739911079,2010
El Salvador,4.741294861,2011
El Salvador,5.934371471,2012
El Salvador,6.325063229,2013
El Salvador,5.856523514,2014
El Salvador,6.018496037,2015
El Salvador,6.139824867,2016
El Salvador,6.339318275,2017
El Salvador,6.276246071,2018
Estonia,5.371054649,2006
Estonia,5.332044125,2007
Estonia,5.451937675,2008
Estonia,5.137738705,2009
Estonia,5.486819744,2011
Estonia,5.363927841,2012
Estonia,5.367445946,2013
Estonia,5.55598259,2014
Estonia,5.628908634,2015
Estonia,5.649675369,2016
Estonia,5.938395977,2017
Estonia,6.091302395,2018
Ethiopia,4.561168671,2012
Ethiopia,4.44482708,2013
Ethiopia,4.506646633,2014
Ethiopia,4.573154926,2015
Ethiopia,4.297848701,2016
Ethiopia,4.180315495,2017
Ethiopia,4.379262447,2018
Finland,7.672449112,2006
Finland,7.67062664,2008
Finland,7.393264294,2010
Finland,7.354225159,2011
Finland,7.420209408,2012
Finland,7.444635868,2013
Finland,7.384571075,2014
Finland,7.447925568,2015
Finland,7.659843445,2016
Finland,7.788251877,2017
Finland,7.85810709,2018
France,7.093392849,2005
France,6.582700253,2006
France,7.008064747,2008
France,6.283498287,2009
France,6.797901154,2010
France,6.959185123,2011
France,6.649365425,2012
France,6.66712141,2013
France,6.466867924,2014
France,6.357625008,2015
France,6.475208759,2016
France,6.635222435,2017
France,6.665903568,2018
Gabon,4.255400658,2011
Gabon,3.97205925,2012
Gabon,3.800287008,2013
Gabon,3.918073177,2014
Gabon,4.66101265,2015
Gabon,4.831764221,2016
Gabon,4.782382965,2017
Gabon,4.783009052,2018
Gambia,4.117938995,2017
Gambia,4.922099113,2018
Georgia,3.675108433,2006
Georgia,3.707194567,2007
Georgia,4.15609026,2008
Georgia,3.800639153,2009
Georgia,4.101837158,2010
Georgia,4.203030586,2011
Georgia,4.254445553,2012
Georgia,4.348920822,2013
Georgia,4.287508011,2014
Georgia,4.121940613,2015
Georgia,4.448386192,2016
Georgia,4.45077467,2017
Georgia,4.659097195,2018
Germany,6.619549751,2005
Germany,6.416819572,2007
Germany,6.521790028,2008
Germany,6.64149332,2009
Germany,6.724531174,2010
Germany,6.621312141,2011
Germany,6.702362061,2012
Germany,6.965125084,2013
Germany,6.984214306,2014
Germany,7.037137508,2015
Germany,6.873763084,2016
Germany,7.074324608,2017
Germany,7.118364334,2018
Ghana,4.535019875,2006
Ghana,5.220148087,2007
Ghana,4.965134621,2008
Ghana,4.197695732,2009
Ghana,4.606251717,2010
Ghana,5.608199596,2011
Ghana,5.057261944,2012
Ghana,4.965053082,2013
Ghana,3.860351086,2014
Ghana,3.985916138,2015
Ghana,4.514411449,2016
Ghana,5.481310844,2017
Greece,6.006309986,2005
Greece,6.646961212,2007
Greece,6.038574696,2009
Greece,5.839558601,2010
Greece,5.372039795,2011
Greece,5.096354008,2012
Greece,4.720251083,2013
Greece,4.75623703,2014
Greece,5.622519016,2015
Greece,5.302619457,2016
Greece,5.14824152,2017
Greece,5.40928936,2018
Guatemala,5.901429176,2006
Guatemala,6.329581261,2007
Guatemala,6.414494514,2008
Guatemala,6.451916218,2009
Guatemala,6.289748669,2010
Guatemala,5.743353844,2011
Guatemala,5.855717182,2012
Guatemala,5.984601498,2013
Guatemala,6.536030769,2014
Guatemala,6.464986801,2015
Guatemala,6.358916283,2016
Guatemala,6.325118542,2017
Guatemala,6.626591682,2018
Guinea,4.044569492,2011
Guinea,3.651554823,2012
Guinea,3.901793003,2013
Guinea,3.4124825,2014
Guinea,3.504693508,2015
Guinea,3.602854729,2016
Guinea,4.873722553,2017
Guinea,5.25222683,2018
Guyana,5.992826462,2007
Haiti,3.754156113,2006
Haiti,3.846329212,2008
Haiti,3.76599884,2010
Haiti,4.844573975,2011
Haiti,4.413475037,2012
Haiti,4.62196207,2013
Haiti,3.888778448,2014
Haiti,3.569762468,2015
Haiti,3.352300167,2016
Haiti,3.823865652,2017
Haiti,3.614928007,2018
Honduras,5.396519661,2006
Honduras,5.09715414,2007
Honduras,5.420331001,2008
Honduras,6.033189297,2009
Honduras,5.866131306,2010
Honduras,4.961031437,2011
Honduras,4.602218151,2012
Honduras,4.713358402,2013
Honduras,5.055726051,2014
Honduras,4.845436573,2015
Honduras,5.648154736,2016
Honduras,6.019985676,2017
Honduras,5.908423901,2018
Hong Kong,5.511187077,2006
Hong Kong,5.137261868,2008
Hong Kong,5.397055626,2009
Hong Kong,5.642834663,2010
Hong Kong,5.474010944,2011
Hong Kong,5.483764648,2012
Hong Kong,5.458050728,2014
Hong Kong,5.498420715,2016
Hong Kong,5.362474918,2017
Hungary,5.193933487,2005
Hungary,4.953917027,2007
Hungary,4.894600391,2009
Hungary,4.725132465,2010
Hungary,4.917602539,2011
Hungary,4.683358192,2012
Hungary,4.914466858,2013
Hungary,5.18056345,2014
Hungary,5.34438324,2015
Hungary,5.448901653,2016
Hungary,6.065038681,2017
Iceland,6.888284206,2008
Iceland,7.590660095,2012
Iceland,7.501394272,2013
Iceland,7.498070717,2015
Iceland,7.510034561,2016
Iceland,7.476213932,2017
India,5.348258972,2006
India,5.02679348,2007
India,5.145833015,2008
India,4.521517754,2009
India,4.989277363,2010
India,4.634871483,2011
India,4.720146656,2012
India,4.427788734,2013
India,4.424379349,2014
India,4.342079163,2015
India,4.179177284,2016
India,4.046111107,2017
India,3.818068743,2018
Indonesia,4.946978092,2006
Indonesia,5.101213932,2007
Indonesia,4.815309525,2008
Indonesia,5.472361088,2009
Indonesia,5.457299232,2010
Indonesia,5.172608376,2011
Indonesia,5.36777401,2012
Indonesia,5.292237759,2013
Indonesia,5.597375393,2014
Indonesia,5.04279995,2015
Indonesia,5.136325359,2016
Indonesia,5.098401546,2017
Indonesia,5.340295792,2018
Iran,5.308190346,2005
Iran,5.336371422,2007
Iran,5.128988266,2008
Iran,4.767507076,2011
Iran,4.608927727,2012
Iran,5.139579296,2013
Iran,4.682224274,2014
Iran,4.749955654,2015
Iran,4.652730942,2016
Iran,4.716783047,2017
Iran,4.278117657,2018
Iraq,4.589844704,2008
Iraq,4.775316715,2009
Iraq,5.065462112,2010
Iraq,4.725366116,2011
Iraq,4.659508705,2012
Iraq,4.725017071,2013
Iraq,4.541502476,2014
Iraq,4.493377209,2015
Iraq,4.412537098,2016
Iraq,4.462399006,2017
Ireland,7.144246578,2006
Ireland,7.568029881,2008
Ireland,7.045911312,2009
Ireland,7.257389545,2010
Ireland,7.006904125,2011
Ireland,6.964645386,2012
Ireland,6.760085106,2013
Ireland,7.018379211,2014
Ireland,6.830125332,2015
Ireland,7.04073143,2016
Ireland,7.060155392,2017
Ireland,6.962335587,2018
Israel,7.173417091,2006
Israel,6.841114998,2007
Israel,7.261261463,2008
Israel,7.352979183,2009
Israel,7.358916283,2010
Israel,7.433147907,2011
Israel,7.110854626,2012
Israel,7.320563316,2013
Israel,7.400570393,2014
Israel,7.07941103,2015
Israel,7.159010887,2016
Israel,7.331036091,2017
Israel,6.92717886,2018
Italy,6.853783607,2005
Italy,6.574412346,2007
Italy,6.779774189,2008
Italy,6.333800316,2009
Italy,6.354238033,2010
Italy,6.057086468,2011
Italy,5.839313984,2012
Italy,6.009373665,2013
Italy,6.026585102,2014
Italy,5.847683907,2015
Italy,5.95452404,2016
Italy,6.198870182,2017
Italy,6.516526699,2018
Jamaica,6.207881927,2006
Jamaica,5.374446392,2011
Jamaica,5.708886623,2013
Jamaica,5.310538769,2014
Jamaica,5.889759064,2017
Japan,6.515817165,2005
Japan,6.238197803,2007
Japan,5.91067934,2008
Japan,5.844999313,2009
Japan,6.056752682,2010
Japan,6.262793541,2011
Japan,5.968216419,2012
Japan,5.959361553,2013
Japan,5.922620773,2014
Japan,5.879684448,2015
Japan,5.954650879,2016
Japan,5.910676479,2017
Japan,5.793575287,2018
Jordan,6.294660091,2005
Jordan,5.59805727,2007
Jordan,4.930058002,2008
Jordan,5.999859333,2009
Jordan,5.569942474,2010
Jordan,5.539327621,2011
Jordan,5.131996155,2012
Jordan,5.171952724,2013
Jordan,5.333021641,2014
Jordan,5.404593468,2015
Jordan,5.27128458,2016
Jordan,4.808082581,2017
Jordan,4.638933659,2018
Kazakhstan,5.475948334,2006
Kazakhstan,5.718553543,2007
Kazakhstan,5.886419773,2008
Kazakhstan,5.382563114,2009
Kazakhstan,5.514286518,2010
Kazakhstan,5.735662937,2011
Kazakhstan,5.759469509,2012
Kazakhstan,5.835483074,2013
Kazakhstan,5.970097542,2014
Kazakhstan,5.949995041,2015
Kazakhstan,5.533551693,2016
Kazakhstan,5.882351398,2017
Kazakhstan,6.00763607,2018
Kenya,4.223234177,2006
Kenya,4.575657845,2007
Kenya,4.015274525,2008
Kenya,4.270434856,2009
Kenya,4.255859375,2010
Kenya,4.405310154,2011
Kenya,4.547335148,2012
Kenya,3.795383215,2013
Kenya,4.904579639,2014
Kenya,4.357617855,2015
Kenya,4.396127701,2016
Kenya,4.475654125,2017
Kenya,4.655702591,2018
Kosovo,5.103906155,2007
Kosovo,5.521659851,2008
Kosovo,5.891432762,2009
Kosovo,5.17660141,2010
Kosovo,4.859501839,2011
Kosovo,5.639588356,2012
Kosovo,6.125758171,2013
Kosovo,5.000375271,2014
Kosovo,5.077460766,2015
Kosovo,5.759412289,2016
Kosovo,6.149199963,2017
Kosovo,6.391825676,2018
Kuwait,6.075547218,2006
Kuwait,6.585246086,2009
Kuwait,6.798151016,2010
Kuwait,6.377699375,2011
Kuwait,6.221094608,2012
Kuwait,6.480031013,2013
Kuwait,6.180138588,2014
Kuwait,6.146031857,2015
Kuwait,5.947194576,2016
Kuwait,6.093905449,2017
Kyrgyzstan,4.641398907,2006
Kyrgyzstan,4.697761536,2007
Kyrgyzstan,4.736588001,2008
Kyrgyzstan,5.06905365,2009
Kyrgyzstan,4.996410847,2010
Kyrgyzstan,4.921049118,2011
Kyrgyzstan,5.207785606,2012
Kyrgyzstan,5.40242672,2013
Kyrgyzstan,5.252192974,2014
Kyrgyzstan,4.905375957,2015
Kyrgyzstan,4.856534004,2016
Kyrgyzstan,5.629536629,2017
Kyrgyzstan,5.297383308,2018
Laos,5.076225758,2006
Laos,5.363854885,2007
Laos,5.044098854,2008
Laos,4.703749657,2011
Laos,4.876084805,2012
Laos,4.623140812,2017
Laos,4.85940218,2018
Latvia,4.70950222,2006
Latvia,4.666971684,2007
Latvia,5.145375252,2008
Latvia,4.668910503,2009
Latvia,4.966811657,2011
Latvia,5.125025272,2012
Latvia,5.069770336,2013
Latvia,5.729115486,2014
Latvia,5.880597591,2015
Latvia,5.940446377,2016
Latvia,5.977817535,2017
Latvia,5.901154041,2018
Lebanon,5.49124527,2005
Lebanon,4.653103828,2006
Lebanon,4.594851017,2008
Lebanon,5.205998898,2009
Lebanon,5.031899452,2010
Lebanon,5.187571526,2011
Lebanon,4.572566986,2012
Lebanon,4.983288765,2013
Lebanon,5.233025551,2014
Lebanon,5.171971321,2015
Lebanon,5.27072382,2016
Lebanon,5.153989792,2017
Lebanon,5.167186737,2018
Lesotho,4.89751482,2011
Lesotho,3.808204889,2016
Lesotho,3.795300722,2017
Liberia,3.701401234,2007
Liberia,4.221354008,2008
Liberia,4.196063042,2010
Liberia,4.571419239,2014
Liberia,2.701591253,2015
Liberia,3.354676008,2016
Liberia,4.424490929,2017
Liberia,4.134852886,2018
Libya,5.754394054,2012
Libya,5.615404606,2015
Libya,5.43358326,2016
Libya,5.646852493,2017
Libya,5.493977547,2018
Lithuania,5.954442978,2006
Lithuania,5.80828476,2007
Lithuania,5.553925991,2008
Lithuania,5.466920853,2009
Lithuania,5.065824986,2010
Lithuania,5.43243742,2011
Lithuania,5.771037102,2012
Lithuania,5.595689297,2013
Lithuania,6.125723839,2014
Lithuania,5.711378098,2015
Lithuania,5.865552425,2016
Lithuania,6.272940636,2017
Lithuania,6.308878899,2018
Luxembourg,6.957920074,2009
Luxembourg,7.097251892,2010
Luxembourg,7.101400375,2011
Luxembourg,6.964097023,2012
Luxembourg,7.130809307,2013
Luxembourg,6.89112711,2014
Luxembourg,6.701571465,2015
Luxembourg,6.967340946,2016
Luxembourg,7.061380863,2017
Luxembourg,7.242630959,2018
Macedonia,4.493598461,2007
Macedonia,4.428021908,2009
Macedonia,4.180202007,2010
Macedonia,4.898180008,2011
Macedonia,4.639647484,2012
Macedonia,5.186190605,2013
Macedonia,5.203825951,2014
Macedonia,4.975589752,2015
Macedonia,5.34574604,2016
Macedonia,5.233866692,2017
Macedonia,5.239834785,2018
Madagascar,3.979751348,2006
Madagascar,4.640079021,2008
Madagascar,4.381415367,2011
Madagascar,3.550609589,2012
Madagascar,3.815607071,2013
Madagascar,3.675626993,2014
Madagascar,3.592514038,2015
Madagascar,3.663085938,2016
Madagascar,4.078620434,2017
Madagascar,4.070586681,2018
Malawi,3.829868078,2006
Malawi,4.89103651,2007
Malawi,5.148239613,2009
Malawi,3.946062565,2011
Malawi,4.279269695,2012
Malawi,4.035084248,2013
Malawi,4.563080311,2014
Malawi,3.86763835,2015
Malawi,3.476492643,2016
Malawi,3.416862965,2017
Malawi,3.334633589,2018
Malaysia,6.011716843,2006
Malaysia,6.238904476,2007
Malaysia,5.806781769,2008
Malaysia,5.384701729,2009
Malaysia,5.580281734,2010
Malaysia,5.786367416,2011
Malaysia,5.914283752,2012
Malaysia,5.770199776,2013
Malaysia,5.962921619,2014
Malaysia,6.322121143,2015
Malaysia,5.338817596,2018
Mali,4.014075756,2006
Mali,4.114664078,2008
Mali,3.976598501,2009
Mali,3.762305021,2010
Mali,4.666832924,2011
Mali,4.313016891,2012
Mali,3.676277161,2013
Mali,3.974714279,2014
Mali,4.582098484,2015
Mali,4.016027927,2016
Mali,4.741850376,2017
Mali,4.415729523,2018
Malta,6.32763958,2009
Malta,5.77387476,2010
Malta,6.154718399,2011
Malta,5.962872028,2012
Malta,6.379924774,2013
Malta,6.45211792,2014
Malta,6.61339426,2015
Malta,6.590842247,2016
Malta,6.675665855,2017
Malta,6.909710884,2018
Mauritania,4.149043083,2007
Mauritania,4.248075008,2008
Mauritania,4.500431538,2009
Mauritania,4.772306919,2010
Mauritania,4.784804344,2011
Mauritania,4.673203945,2012
Mauritania,4.199015141,2013
Mauritania,4.482805252,2014
Mauritania,3.922664165,2015
Mauritania,4.472149372,2016
Mauritania,4.678159714,2017
Mauritania,4.313615322,2018
Mauritius,5.477073193,2011
Mauritius,5.647779942,2014
Mauritius,5.610003471,2016
Mauritius,6.174117565,2017
Mauritius,5.88174057,2018
Mexico,6.580657959,2005
Mexico,6.525378227,2007
Mexico,6.829036236,2008
Mexico,6.962819099,2009
Mexico,6.802388668,2010
Mexico,6.909515381,2011
Mexico,7.320185184,2012
Mexico,7.442546368,2013
Mexico,6.679831028,2014
Mexico,6.236287117,2015
Mexico,6.824172974,2016
Mexico,6.410299301,2017
Mexico,6.549578667,2018
Moldova,5.102071285,2006
Moldova,4.774918079,2007
Moldova,5.502756119,2008
Moldova,5.554374218,2009
Moldova,5.589736462,2010
Moldova,5.792262554,2011
Moldova,5.995712757,2012
Moldova,5.75605917,2013
Moldova,5.917058468,2014
Moldova,6.017472267,2015
Moldova,5.577784061,2016
Moldova,5.325530529,2017
Moldova,5.682277203,2018
Mongolia,4.609059334,2007
Mongolia,4.493010044,2008
Mongolia,4.585523605,2010
Mongolia,5.031173706,2011
Mongolia,4.885150433,2012
Mongolia,4.912928104,2013
Mongolia,4.824834824,2014
Mongolia,4.982719898,2015
Mongolia,5.056999683,2016
Mongolia,5.333850384,2017
Mongolia,5.464622974,2018
Montenegro,5.196315289,2007
Montenegro,4.8010602,2009
Montenegro,5.455030441,2010
Montenegro,5.223116875,2011
Montenegro,5.218724251,2012
Montenegro,5.074341774,2013
Montenegro,5.282720566,2014
Montenegro,5.124921322,2015
Montenegro,5.304066181,2016
Montenegro,5.614798546,2017
Montenegro,5.650189877,2018
Morocco,4.383247375,2010
Morocco,5.084972858,2011
Morocco,4.969656467,2012
Morocco,5.142160416,2013
Morocco,5.163156986,2015
Morocco,5.38630724,2016
Morocco,5.312482834,2017
Morocco,4.896791935,2018
Mozambique,4.594879627,2006
Mozambique,4.832634926,2007
Mozambique,4.65358305,2008
Mozambique,4.971111774,2011
Mozambique,4.549767494,2015
Mozambique,4.279863358,2017
Mozambique,4.653713703,2018
Myanmar,4.438939571,2012
Myanmar,4.175670624,2013
Myanmar,4.786247253,2014
Myanmar,4.223846436,2015
Myanmar,4.623119831,2016
Myanmar,4.154341698,2017
Myanmar,4.410633087,2018
Namibia,4.885587215,2007
Namibia,4.573991299,2014
Namibia,4.441306114,2017
Namibia,4.834087849,2018
Nepal,4.566594601,2006
Nepal,4.74828434,2007
Nepal,4.440526485,2008
Nepal,4.91686821,2009
Nepal,4.349675179,2010
Nepal,3.809444666,2011
Nepal,4.233244896,2012
Nepal,4.604576588,2013
Nepal,4.975014687,2014
Nepal,4.812436581,2015
Nepal,5.099539757,2016
Nepal,4.736692429,2017
Nepal,4.910086632,2018
Netherlands,7.463979244,2005
Netherlands,7.451879501,2007
Netherlands,7.631011963,2008
Netherlands,7.501875877,2010
Netherlands,7.563797951,2011
Netherlands,7.470715523,2012
Netherlands,7.406550407,2013
Netherlands,7.32118845,2014
Netherlands,7.324437141,2015
Netherlands,7.540877342,2016
Netherlands,7.458965302,2017
Netherlands,7.463097095,2018
New Zealand,7.305014133,2006
New Zealand,7.604173183,2007
New Zealand,7.38117075,2008
New Zealand,7.223756313,2010
New Zealand,7.190638065,2011
New Zealand,7.249629974,2012
New Zealand,7.280151844,2013
New Zealand,7.305892467,2014
New Zealand,7.418120861,2015
New Zealand,7.225687981,2016
New Zealand,7.32718277,2017
New Zealand,7.370285988,2018
Nicaragua,4.460158348,2006
Nicaragua,4.944090843,2007
Nicaragua,5.103827477,2008
Nicaragua,5.352804661,2009
Nicaragua,5.68669939,2010
Nicaragua,5.385705471,2011
Nicaragua,5.448006153,2012
Nicaragua,5.772274971,2013
Nicaragua,6.275266647,2014
Nicaragua,5.924112797,2015
Nicaragua,6.012739658,2016
Nicaragua,6.476356506,2017
Nicaragua,5.81895256,2018
Niger,3.736951828,2006
Niger,4.277402401,2007
Niger,4.235657215,2008
Niger,4.267169952,2009
Niger,4.101016045,2010
Niger,4.555829525,2011
Niger,3.798088312,2012
Niger,3.716329813,2013
Niger,4.180943489,2014
Niger,3.671453714,2015
Niger,4.234645844,2016
Niger,4.615673542,2017
Niger,5.164007187,2018
Nigeria,4.709745884,2006
Nigeria,4.890419483,2007
Nigeria,4.938560486,2008
Nigeria,4.980220318,2009
Nigeria,4.760275841,2010
Nigeria,5.492954254,2012
Nigeria,4.81786871,2013
Nigeria,4.932914734,2015
Nigeria,5.219567776,2016
Nigeria,5.321928024,2017
Nigeria,5.252288342,2018
Northern Cyprus,5.463305473,2012
Northern Cyprus,5.566802502,2013
Northern Cyprus,5.785978794,2014
Northern Cyprus,5.842550278,2015
Northern Cyprus,5.827127934,2016
Northern Cyprus,5.608056068,2018
Norway,7.415682316,2006
Norway,7.632287502,2008
Norway,7.678277016,2012
Norway,7.444470882,2014
Norway,7.603433609,2015
Norway,7.596331596,2016
Norway,7.578744888,2017
Norway,7.444262028,2018
Oman,6.852982044,2011
Pakistan,5.224657536,2005
Pakistan,5.671460629,2007
Pakistan,4.413918972,2008
Pakistan,5.208146572,2009
Pakistan,5.786132813,2010
Pakistan,5.267186165,2011
Pakistan,5.131565094,2012
Pakistan,5.138082504,2013
Pakistan,5.435657978,2014
Pakistan,4.823194981,2015
Pakistan,5.548508167,2016
Pakistan,5.830870628,2017
Pakistan,5.471553802,2018
Palestine,4.716387749,2006
Palestine,4.151053905,2007
Palestine,4.385603428,2008
Palestine,4.470191479,2009
Palestine,4.702603817,2010
Palestine,4.751219749,2011
Palestine,4.646608353,2012
Palestine,4.844027996,2013
Palestine,4.721938133,2014
Palestine,4.695239067,2015
Palestine,4.906618118,2016
Palestine,4.62813282,2017
Palestine,4.5539217,2018
Panama,6.127988338,2006
Panama,6.894139767,2007
Panama,6.930903435,2008
Panama,7.033740044,2009
Panama,7.3214674,2010
Panama,7.24808073,2011
Panama,6.859835625,2012
Panama,6.86648035,2013
Panama,6.631171227,2014
Panama,6.605550289,2015
Panama,6.117638111,2016
Panama,6.567658901,2017
Panama,6.281434059,2018
Paraguay,4.730082035,2006
Paraguay,5.272461414,2007
Paraguay,5.570061684,2008
Paraguay,5.576147079,2009
Paraguay,5.841174126,2010
Paraguay,5.677080631,2011
Paraguay,5.820058346,2012
Paraguay,5.936240673,2013
Paraguay,5.118641853,2014
Paraguay,5.559724331,2015
Paraguay,5.801380157,2016
Paraguay,5.71329546,2017
Peru,4.810845375,2006
Peru,5.213962078,2007
Peru,5.129230976,2008
Peru,5.518846989,2009
Peru,5.612785339,2010
Peru,5.892457485,2011
Peru,5.824557304,2012
Peru,5.782557487,2013
Peru,5.865815639,2014
Peru,5.577263355,2015
Peru,5.700628757,2016
Peru,5.710936546,2017
Peru,5.679661274,2018
Philippines,4.669945717,2006
Philippines,5.073562145,2007
Philippines,4.589065075,2008
Philippines,4.879910946,2009
Philippines,4.941514015,2010
Philippines,4.993956566,2011
Philippines,5.001965046,2012
Philippines,4.976925373,2013
Philippines,5.312550068,2014
Philippines,5.547489166,2015
Philippines,5.430832863,2016
Philippines,5.594270229,2017
Philippines,5.869172573,2018
Poland,5.587209225,2005
Poland,5.886137486,2007
Poland,5.772027493,2009
Poland,5.887029648,2010
Poland,5.646204948,2011
Poland,5.87593174,2012
Poland,5.746131897,2013
Poland,5.750282288,2014
Poland,6.007021904,2015
Poland,6.162076473,2016
Poland,6.201268196,2017
Portugal,5.405246258,2006
Portugal,5.716966629,2008
Portugal,5.094525814,2010
Portugal,5.219997883,2011
Portugal,4.993962288,2012
Portugal,5.157688141,2013
Portugal,5.12691164,2014
Portugal,5.080866337,2015
Portugal,5.446637154,2016
Portugal,5.711499214,2017
Portugal,5.919822693,2018
Qatar,6.417824268,2009
Qatar,6.849652767,2010
Qatar,6.591604233,2011
Qatar,6.611298561,2012
Qatar,6.374529362,2015
Romania,5.048648357,2005
Romania,5.393723965,2007
Romania,5.367565155,2009
Romania,4.909165859,2010
Romania,5.02275753,2011
Romania,5.166874886,2012
Romania,5.081584454,2013
Romania,5.726893425,2014
Romania,5.777491093,2015
Romania,5.96887064,2016
Romania,6.089904785,2017
Romania,6.150878906,2018
Russia,4.963742733,2006
Russia,5.222867489,2007
Russia,5.61875391,2008
Russia,5.158227921,2009
Russia,5.384773254,2010
Russia,5.388766289,2011
Russia,5.620735645,2012
Russia,5.537177563,2013
Russia,6.036976814,2014
Russia,5.995538712,2015
Russia,5.85494566,2016
Russia,5.578742981,2017
Russia,5.513500214,2018
Rwanda,4.21470356,2006
Rwanda,4.362988949,2008
Rwanda,4.029761791,2009
Rwanda,4.097435951,2011
Rwanda,3.333047867,2012
Rwanda,3.466387749,2013
Rwanda,3.595678329,2014
Rwanda,3.483108997,2015
Rwanda,3.332989931,2016
Rwanda,3.10837388,2017
Rwanda,3.5610466,2018
Saudi Arabia,7.079644203,2005
Saudi Arabia,7.266694069,2007
Saudi Arabia,6.811370373,2008
Saudi Arabia,6.14759016,2009
Saudi Arabia,6.307098389,2010
Saudi Arabia,6.699789524,2011
Saudi Arabia,6.396359444,2012
Saudi Arabia,6.495132923,2013
Saudi Arabia,6.27837801,2014
Saudi Arabia,6.345491886,2015
Saudi Arabia,6.473921299,2016
Saudi Arabia,6.294282436,2017
Saudi Arabia,6.356393337,2018
Senegal,4.417352676,2006
Senegal,4.679986954,2007
Senegal,4.683499813,2008
Senegal,4.335114002,2009
Senegal,4.372156143,2010
Senegal,3.834201574,2011
Senegal,3.668736935,2012
Senegal,3.647367001,2013
Senegal,4.394777298,2014
Senegal,4.61700058,2015
Senegal,4.59453392,2016
Senegal,4.683024883,2017
Senegal,4.769377232,2018
Serbia,4.750383854,2007
Serbia,4.380311966,2009
Serbia,4.461304188,2010
Serbia,4.815186501,2011
Serbia,5.154521942,2012
Serbia,5.101840496,2013
Serbia,5.112728596,2014
Serbia,5.317685127,2015
Serbia,5.752754688,2016
Serbia,5.122031212,2017
Serbia,5.936493397,2018
Sierra Leone,3.628185034,2006
Sierra Leone,3.585127354,2007
Sierra Leone,2.997251034,2008
Sierra Leone,4.133955956,2010
Sierra Leone,4.501643658,2011
Sierra Leone,4.514291286,2013
Sierra Leone,4.499970436,2014
Sierra Leone,4.908617973,2015
Sierra Leone,4.732953072,2016
Sierra Leone,4.089562416,2017
Sierra Leone,4.305683136,2018
Singapore,6.462702751,2006
Singapore,6.833754539,2007
Singapore,6.641956806,2008
Singapore,6.144676685,2009
Singapore,6.531401634,2010
Singapore,6.561041832,2011
Singapore,6.53320694,2013
Singapore,7.062364578,2014
Singapore,6.619524956,2015
Singapore,6.033480644,2016
Singapore,6.378437996,2017
Singapore,6.374564171,2018
Slovakia,5.264676571,2006
Slovakia,6.052223206,2010
Slovakia,5.945048332,2011
Slovakia,5.91105938,2012
Slovakia,5.936527252,2013
Slovakia,6.1388731,2014
Slovakia,6.162004471,2015
Slovakia,5.993163109,2016
Slovakia,6.365509033,2017
Slovakia,6.23511076,2018
Slovenia,5.811264515,2006
Slovenia,5.830160618,2009
Slovenia,6.082555294,2010
Slovenia,6.035964012,2011
Slovenia,6.062891006,2012
Slovenia,5.974888802,2013
Slovenia,5.678395271,2014
Slovenia,5.740642071,2015
Slovenia,5.936821461,2016
Slovenia,6.166837692,2017
Slovenia,6.249419212,2018
Somalia,4.991399765,2009
Somalia,4.657363415,2010
Somalia,4.930571556,2011
Somalia,5.057314396,2012
Somalia,5.528272629,2014
Somalia,5.353644848,2015
Somalia,4.667941093,2016
South Africa,5.083986759,2006
South Africa,5.204454422,2007
South Africa,5.346306801,2008
South Africa,5.218430996,2009
South Africa,4.652428627,2010
South Africa,4.930511475,2011
South Africa,5.133887768,2012
South Africa,3.660727262,2013
South Africa,4.828456402,2014
South Africa,4.887325764,2015
South Africa,4.769739628,2016
South Africa,4.513655186,2017
South Africa,4.8839221,2018
South Korea,5.332177639,2006
South Korea,5.76727581,2007
South Korea,5.389624596,2008
South Korea,5.647689819,2009
South Korea,6.116024494,2010
South Korea,6.946599007,2011
South Korea,6.003286839,2012
South Korea,5.958809853,2013
South Korea,5.801325321,2014
South Korea,5.780211449,2015
South Korea,5.970564365,2016
South Korea,5.873887062,2017
South Korea,5.840231419,2018
South Sudan,3.831992388,2014
South Sudan,4.070771217,2015
South Sudan,2.888112307,2016
South Sudan,2.816622496,2017
Spain,7.152785778,2005
Spain,6.994614601,2007
Spain,7.294472694,2008
Spain,6.198601246,2009
Spain,6.188262463,2010
Spain,6.518249035,2011
Spain,6.290690422,2012
Spain,6.150027275,2013
Spain,6.456477642,2014
Spain,6.380663395,2015
Spain,6.318612099,2016
Spain,6.230173111,2017
Spain,6.513370991,2018
Sri Lanka,4.344610691,2006
Sri Lanka,4.414805412,2007
Sri Lanka,4.430846214,2008
Sri Lanka,4.212026596,2009
Sri Lanka,3.976905107,2010
Sri Lanka,4.180569172,2011
Sri Lanka,4.224593163,2012
Sri Lanka,4.364694118,2013
Sri Lanka,4.267932892,2014
Sri Lanka,4.611606598,2015
Sri Lanka,4.330945492,2017
Sri Lanka,4.400223255,2018
Sudan,4.454917431,2009
Sudan,4.435159683,2010
Sudan,4.314456463,2011
Sudan,4.550499439,2012
Sudan,4.138672829,2014
Suriname,6.269286633,2012
Swaziland,4.867091179,2011
Swaziland,4.211565018,2018
Sweden,7.376315594,2005
Sweden,7.241362572,2007
Sweden,7.51599741,2008
Sweden,7.265977383,2009
Sweden,7.496018887,2010
Sweden,7.382232189,2011
Sweden,7.560147762,2012
Sweden,7.434010506,2013
Sweden,7.239147663,2014
Sweden,7.28892231,2015
Sweden,7.368744373,2016
Sweden,7.286804676,2017
Sweden,7.374792099,2018
Switzerland,7.473252773,2006
Switzerland,7.524520874,2009
Switzerland,7.776208878,2012
Switzerland,7.492803574,2014
Switzerland,7.572136879,2015
Switzerland,7.458519936,2016
Switzerland,7.473593235,2017
Switzerland,7.508586884,2018
Syria,5.32333231,2008
Syria,4.978970528,2009
Syria,4.464707851,2010
Syria,4.037889481,2011
Syria,3.164491177,2012
Syria,2.687552929,2013
Syria,3.46191287,2015
Taiwan,6.189050198,2006
Taiwan,5.547682285,2008
Taiwan,6.228530884,2010
Taiwan,6.308915138,2011
Taiwan,6.125916958,2012
Taiwan,6.340344429,2013
Taiwan,6.36349678,2014
Taiwan,6.450088024,2015
Taiwan,6.512850761,2016
Taiwan,6.359450817,2017
Taiwan,6.467004776,2018
Tajikistan,4.613099098,2006
Tajikistan,4.431608677,2007
Tajikistan,5.063986778,2008
Tajikistan,4.575174809,2009
Tajikistan,4.380636215,2010
Tajikistan,4.262671471,2011
Tajikistan,4.496571541,2012
Tajikistan,4.966521263,2013
Tajikistan,4.896157742,2014
Tajikistan,5.124210835,2015
Tajikistan,5.103721142,2016
Tajikistan,5.829234123,2017
Tanzania,3.922484159,2006
Tanzania,4.317949772,2007
Tanzania,4.384741783,2008
Tanzania,3.407507896,2009
Tanzania,3.229129076,2010
Tanzania,4.073562145,2011
Tanzania,4.006897449,2012
Tanzania,3.852394819,2013
Tanzania,3.483278513,2014
Tanzania,3.660597324,2015
Tanzania,2.90273428,2016
Tanzania,3.347121239,2017
Tanzania,3.445023298,2018
Thailand,5.88543272,2006
Thailand,5.783891201,2007
Thailand,5.636471272,2008
Thailand,5.475645065,2009
Thailand,6.216702938,2010
Thailand,6.663609028,2011
Thailand,6.300235271,2012
Thailand,6.231024742,2013
Thailand,6.985463619,2014
Thailand,6.201762676,2015
Thailand,6.07363987,2016
Thailand,5.938895226,2017
Thailand,6.011561871,2018
Togo,3.202429295,2006
Togo,2.807855129,2008
Togo,2.936220884,2011
Togo,2.83895874,2014
Togo,3.768301964,2015
Togo,3.878578424,2016
Togo,4.360805035,2017
Togo,4.022894859,2018
Trinidad and Tobago,5.832188606,2006
Trinidad and Tobago,6.696444035,2008
Trinidad and Tobago,6.518745899,2011
Trinidad and Tobago,6.167706966,2013
Trinidad and Tobago,6.191859722,2017
Tunisia,5.025470257,2009
Tunisia,5.130520821,2010
Tunisia,4.87648201,2011
Tunisia,4.463531017,2012
Tunisia,5.245604992,2013
Tunisia,4.763594627,2014
Tunisia,5.131611824,2015
Tunisia,4.521453381,2016
Tunisia,4.124342918,2017
Tunisia,4.741132259,2018
Turkey,4.718733788,2005
Turkey,5.623471737,2007
Turkey,5.118231773,2008
Turkey,5.212841511,2009
Turkey,5.490347385,2010
Turkey,5.271944046,2011
Turkey,5.309076309,2012
Turkey,4.888177395,2013
Turkey,5.579794407,2014
Turkey,5.514465332,2015
Turkey,5.326221943,2016
Turkey,5.607262135,2017
Turkey,5.185689449,2018
Turkmenistan,6.567713261,2009
Turkmenistan,5.791754723,2011
Turkmenistan,5.463827133,2012
Turkmenistan,5.391762733,2013
Turkmenistan,5.787379265,2014
Turkmenistan,5.791460037,2015
Turkmenistan,5.887051582,2016
Turkmenistan,5.229148865,2017
Turkmenistan,4.620601654,2018
Uganda,3.733583927,2006
Uganda,4.45583868,2007
Uganda,4.568619251,2008
Uganda,4.611985683,2009
Uganda,4.192882061,2010
Uganda,4.826001167,2011
Uganda,4.309237957,2012
Uganda,3.709578753,2013
Uganda,3.769919157,2014
Uganda,4.237686634,2015
Uganda,4.233261108,2016
Uganda,4.000516891,2017
Uganda,4.321714878,2018
Ukraine,4.803954124,2006
Ukraine,5.25218153,2007
Ukraine,5.172380447,2008
Ukraine,5.1656394,2009
Ukraine,5.057561398,2010
Ukraine,5.083132744,2011
Ukraine,5.030342102,2012
Ukraine,4.710802555,2013
Ukraine,4.297329903,2014
Ukraine,3.964542866,2015
Ukraine,4.028690338,2016
Ukraine,4.311067104,2017
Ukraine,4.661909103,2018
United Arab Emirates,6.734221935,2006
United Arab Emirates,6.866062641,2009
United Arab Emirates,7.097455502,2010
United Arab Emirates,7.118701458,2011
United Arab Emirates,7.217766762,2012
United Arab Emirates,6.620951176,2013
United Arab Emirates,6.539854527,2014
United Arab Emirates,6.568397522,2015
United Arab Emirates,6.83095026,2016
United Arab Emirates,7.039419651,2017
United Arab Emirates,6.603743553,2018
United Kingdom,6.983556747,2005
United Kingdom,6.801930904,2007
United Kingdom,6.986463547,2008
United Kingdom,6.90654707,2009
United Kingdom,7.029364109,2010
United Kingdom,6.869248867,2011
United Kingdom,6.880784035,2012
United Kingdom,6.918055058,2013
United Kingdom,6.758147717,2014
United Kingdom,6.515445232,2015
United Kingdom,6.8242836,2016
United Kingdom,7.103273392,2017
United Kingdom,7.233445168,2018
United States,7.18179369,2006
United States,7.512687683,2007
United States,7.280385971,2008
United States,7.158032417,2009
United States,7.16361618,2010
United States,7.115138531,2011
United States,7.026226997,2012
United States,7.249285221,2013
United States,7.151114464,2014
United States,6.863946915,2015
United States,6.803599834,2016
United States,6.9917593,2017
United States,6.882684708,2018
Uruguay,5.785868168,2006
Uruguay,5.693945885,2007
Uruguay,5.663869858,2008
Uruguay,6.296222687,2009
Uruguay,6.062010765,2010
Uruguay,6.554047108,2011
Uruguay,6.449728489,2012
Uruguay,6.444464684,2013
Uruguay,6.561443806,2014
Uruguay,6.628080368,2015
Uruguay,6.171485424,2016
Uruguay,6.336009979,2017
Uruguay,6.371714592,2018
Uzbekistan,5.232322216,2006
Uzbekistan,5.311368465,2008
Uzbekistan,5.26072073,2009
Uzbekistan,5.095342159,2010
Uzbekistan,5.738744259,2011
Uzbekistan,6.019331932,2012
Uzbekistan,5.939986229,2013
Uzbekistan,6.049212456,2014
Uzbekistan,5.972364426,2015
Uzbekistan,5.892539024,2016
Uzbekistan,6.421447754,2017
Uzbekistan,6.205460072,2018
Venezuela,7.169620991,2005
Venezuela,6.525146008,2006
Venezuela,6.257771492,2008
Venezuela,7.188803196,2009
Venezuela,7.47845459,2010
Venezuela,6.579789162,2011
Venezuela,7.066577435,2012
Venezuela,6.552796364,2013
Venezuela,6.136096478,2014
Venezuela,5.568800449,2015
Venezuela,4.041114807,2016
Venezuela,5.070750713,2017
Venezuela,5.005663395,2018
Vietnam,5.293659687,2006
Vietnam,5.421687603,2007
Vietnam,5.480425358,2008
Vietnam,5.304264545,2009
Vietnam,5.295780659,2010
Vietnam,5.767344475,2011
Vietnam,5.53456974,2012
Vietnam,5.022698879,2013
Vietnam,5.084923267,2014
Vietnam,5.076315403,2015
Vietnam,5.062267303,2016
Vietnam,5.175278664,2017
Vietnam,5.295547009,2018
Yemen,4.477132797,2007
Yemen,4.809258938,2009
Yemen,4.35031271,2010
Yemen,3.746255636,2011
Yemen,4.060600758,2012
Yemen,4.217678547,2013
Yemen,3.967957973,2014
Yemen,2.982673883,2015
Yemen,3.825630903,2016
Yemen,3.253560066,2017
Yemen,3.057513952,2018
Zambia,4.824454784,2006
Zambia,3.998293161,2007
Zambia,4.730263233,2008
Zambia,5.260360718,2009
Zambia,4.99911356,2011
Zambia,5.013374805,2012
Zambia,5.243995667,2013
Zambia,4.345837116,2014
Zambia,4.843164444,2015
Zambia,4.347543716,2016
Zambia,3.932777405,2017
Zambia,4.041488171,2018
Zimbabwe,3.826268435,2006
Zimbabwe,3.280246735,2007
Zimbabwe,3.174263716,2008
Zimbabwe,4.055914402,2009
Zimbabwe,4.681569576,2010
Zimbabwe,4.845641613,2011
Zimbabwe,4.955100536,2012
Zimbabwe,4.690187931,2013
Zimbabwe,4.184450626,2014
Zimbabwe,3.70319128,2015
Zimbabwe,3.7354002,2016
Zimbabwe,3.63830018,2017
Zimbabwe,3.616479874,2018