Country,Year,GDP,Urban population (%),Continent,Population
Afghanistan,2008,1464,23.32,Asia,27722000
Afghanistan,2009,1669,23.528,Asia,28395000
Afghanistan,2010,1685,23.737,Asia,29186000
Afghanistan,2011,1792,23.948,Asia,30117000
Afghanistan,2012,1945,24.16,Asia,31161000
Afghanistan,2013,2025,24.373,Asia,32270000
Afghanistan,2014,2022,24.587,Asia,33371000
Afghanistan,2015,1928,24.803,Asia,34414000
Afghanistan,2016,1929,25.02,Asia,35383000
Albania,2008,8617,49.991,Europe,3003000
Albania,2009,9373,51.076,Europe,2973000
Albania,2010,9324,52.163,Europe,2948000
Albania,2011,9484,53.247,Europe,2929000
Albania,2012,10344,54.33,Europe,2914000
Albania,2013,10138,55.387,Europe,2904000
Albania,2014,10703,56.423,Europe,2896000
Albania,2015,10947,57.434,Europe,2891000
Albania,2016,11285,58.421,Europe,2886000
Algeria,2008,12270,66.097,Africa,34731000
Algeria,2009,11172,66.826,Africa,35334000
Algeria,2010,12510,67.54,Africa,35977000
Algeria,2011,13204,68.236,Africa,36661000
Algeria,2012,13242,68.915,Africa,37384000
Algeria,2013,12998,69.576,Africa,38140000
Algeria,2014,12782,70.221,Africa,38924000
Algeria,2015,13024,70.848,Africa,39728000
Algeria,2016,13328,71.459,Africa,40551000
Angola,2008,6318,58.282,Africa,21696000
Angola,2009,5212,59.034,Africa,22514000
Angola,2010,6408,59.783,Africa,23356000
Angola,2011,8016,60.528,Africa,24221000
Angola,2012,8074,61.268,Africa,25108000
Angola,2013,8612,62.002,Africa,26016000
Angola,2014,8615,62.731,Africa,26942000
Angola,2015,8631,63.446,Africa,27884000
Angola,2016,8397,64.149,Africa,28842000
Argentina,2008,18283,90.53,South America,40080000
Argentina,2009,16893,90.691,South America,40483000
Argentina,2010,18660,90.849,South America,40896000
Argentina,2011,20003,90.99,South America,41320000
Argentina,2012,19841,91.121,South America,41755000
Argentina,2013,19876,91.249,South America,42196000
Argentina,2014,19000,91.377,South America,42638000
Argentina,2015,19316,91.503,South America,43075000
Argentina,2016,18695,91.627,South America,43508000
Armenia,2008,7360,63.64,Asia,2908000
Armenia,2009,6906,63.54,Asia,2888000
Armenia,2010,7642,63.44,Asia,2877000
Armenia,2011,8465,63.34,Asia,2877000
Armenia,2012,8827,63.24,Asia,2884000
Armenia,2013,9006,63.164,Asia,2898000
Armenia,2014,9260,63.112,Asia,2912000
Armenia,2015,9552,63.085,Asia,2926000
Armenia,2016,9588,63.082,Asia,2936000
Australia,2008,43965,84.943,Oceania,21332000
Australia,2009,42914,85.063,Oceania,21751000
Australia,2010,45398,85.182,Oceania,22155000
Australia,2011,46132,85.3,Oceania,22538000
Australia,2012,44871,85.402,Oceania,22904000
Australia,2013,44042,85.502,Oceania,23255000
Australia,2014,43887,85.602,Oceania,23596000
Australia,2015,44336,85.701,Oceania,23932000
Australia,2016,44783,85.8,Oceania,24263000
Austria,2008,40828,57.966,Europe,8342000
Austria,2009,40055,57.683,Europe,8373000
Austria,2010,40500,57.399,Europe,8410000
Austria,2011,41446,57.115,Europe,8454000
Austria,2012,43052,57.147,Europe,8502000
Austria,2013,43175,57.336,Europe,8556000
Austria,2014,44894,57.526,Europe,8615000
Austria,2015,44845,57.715,Europe,8679000
Austria,2016,45010,57.905,Europe,8747000
Azerbaijan,2008,10216,52.99,Asia,8822000
Azerbaijan,2009,10804,53.19,Asia,8924000
Azerbaijan,2010,12866,53.406,Asia,9032000
Azerbaijan,2011,16176,53.637,Asia,9146000
Azerbaijan,2012,16407,53.883,Asia,9265000
Azerbaijan,2013,15841,54.145,Asia,9385000
Azerbaijan,2014,16025,54.422,Asia,9506000
Azerbaijan,2015,16045,54.714,Asia,9623000
Azerbaijan,2016,15296,55.021,Asia,9736000
Bahrain,2008,46926,88.53,Asia,1115000
Bahrain,2009,36129,88.579,Asia,1185000
Bahrain,2010,37062,88.634,Asia,1241000
Bahrain,2011,36372,88.695,Asia,1278000
Bahrain,2012,40384,88.762,Asia,1300000
Bahrain,2013,39530,88.835,Asia,1315000
Bahrain,2014,38535,88.915,Asia,1336000
Bahrain,2015,39197,88.999,Asia,1372000
Bahrain,2016,39773,89.09,Asia,1426000
Bangladesh,2008,1997,28.968,Asia,144304000
Bangladesh,2009,2144,29.709,Asia,145924992
Bangladesh,2010,2421,30.462,Asia,147575008
Bangladesh,2011,2772,31.225,Asia,149272992
Bangladesh,2012,2697,31.993,Asia,151006000
Bangladesh,2013,2806,32.762,Asia,152760992
Bangladesh,2014,2901,33.535,Asia,154516992
Bangladesh,2015,3068,34.308,Asia,156256000
Bangladesh,2016,3250,35.083,Asia,157976992
Barbados,2008,16860,32.256,North America,280000
Barbados,2009,15765,32.063,North America,281000
Barbados,2010,14452,31.87,North America,282000
Barbados,2011,11870,31.7,North America,283000
Barbados,2012,10475,31.553,North America,284000
Barbados,2013,9577,31.429,North America,284000
Barbados,2014,9972,31.328,North America,285000
Barbados,2015,10030,31.249,North America,285000
Barbados,2016,10160,31.193,North America,286000
Belarus,2008,14781,73.726,Europe,9453000
Belarus,2009,14573,74.172,Europe,9433000
Belarus,2010,16016,74.672,Europe,9421000
Belarus,2011,17918,75.188,Europe,9415000
Belarus,2012,18564,75.697,Europe,9417000
Belarus,2013,19536,76.199,Europe,9424000
Belarus,2014,20037,76.693,Europe,9432000
Belarus,2015,19306,77.181,Europe,9439000
Belarus,2016,18766,77.661,Europe,9446000
Belgium,2008,36634,97.555,Europe,10779000
Belgium,2009,37260,97.603,Europe,10860000
Belgium,2010,38592,97.651,Europe,10939000
Belgium,2011,38130,97.698,Europe,11014000
Belgium,2012,38907,97.744,Europe,11085000
Belgium,2013,39398,97.789,Europe,11154000
Belgium,2014,39182,97.833,Europe,11221000
Belgium,2015,39531,97.876,Europe,11288000
Belgium,2016,39733,97.919,Europe,11354000
Benin,2008,1897,42.069,Africa,8697000
Benin,2009,1857,42.58,Africa,8945000
Benin,2010,1864,43.093,Africa,9199000
Benin,2011,1836,43.608,Africa,9461000
Benin,2012,1906,44.125,Africa,9729000
Benin,2013,1962,44.642,Africa,10005000
Benin,2014,2092,45.166,Africa,10287000
Benin,2015,2141,45.695,Africa,10576000
Benin,2016,2166,46.229,Africa,10872000
Bolivia,2008,4305,65.535,South America,9721000
Bolivia,2009,4434,65.984,South America,9885000
Bolivia,2010,4805,66.43,South America,10049000
Bolivia,2011,5331,66.874,South America,10213000
Bolivia,2012,5548,67.315,South America,10378000
Bolivia,2013,5823,67.699,South America,10542000
Bolivia,2014,5784,68.047,South America,10707000
Bolivia,2015,5969,68.393,South America,10870000
Bolivia,2016,6118,68.738,South America,11032000
Bosnia and Herzegovina,2008,8228,44.92,Europe,3754000
Bosnia and Herzegovina,2009,8624,45.239,Europe,3736000
Bosnia and Herzegovina,2010,8646,45.558,Europe,3705000
Bosnia and Herzegovina,2011,8961,45.878,Europe,3661000
Bosnia and Herzegovina,2012,9388,46.199,Europe,3605000
Bosnia and Herzegovina,2013,9689,46.519,Europe,3543000
Bosnia and Herzegovina,2014,9986,46.84,Europe,3482000
Bosnia and Herzegovina,2015,10305,47.173,Europe,3429000
Bosnia and Herzegovina,2016,10576,47.518,Europe,3386000
Botswana,2008,12318,59.444,Africa,1916000
Botswana,2009,11246,60.937,Africa,1953000
Botswana,2010,12188,62.412,Africa,1987000
Botswana,2011,13376,63.865,Africa,2015000
Botswana,2012,13285,64.768,Africa,2040000
Botswana,2013,13198,65.572,Africa,2063000
Botswana,2014,14900,66.368,Africa,2089000
Botswana,2015,14626,67.155,Africa,2121000
Botswana,2016,15015,67.933,Africa,2160000
Brazil,2008,11352,83.749,South America,192030000
Brazil,2009,11700,84.044,South America,193887008
Brazil,2010,13418,84.335,South America,195714000
Brazil,2011,14831,84.631,South America,197515008
Brazil,2012,14702,84.923,South America,199287008
Brazil,2013,14943,85.209,South America,201036000
Brazil,2014,14825,85.492,South America,202764000
Brazil,2015,15377,85.77,South America,204472000
Brazil,2016,13479,86.042,South America,206163008
Bulgaria,2008,14734,71.622,Europe,7524000
Bulgaria,2009,14797,71.963,Europe,7474000
Bulgaria,2010,14971,72.302,Europe,7425000
Bulgaria,2011,15112,72.638,Europe,7379000
Bulgaria,2012,15757,72.975,Europe,7334000
Bulgaria,2013,15911,73.313,Europe,7290000
Bulgaria,2014,16556,73.651,Europe,7246000
Bulgaria,2015,17254,73.99,Europe,7200000
Bulgaria,2016,17953,74.329,Europe,7152000
Burkina Faso,2008,1295,23.534,Africa,14690000
Burkina Faso,2009,1265,24.079,Africa,15141000
Burkina Faso,2010,1328,24.633,Africa,15605000
Burkina Faso,2011,1344,25.196,Africa,16082000
Burkina Faso,2012,1487,25.767,Africa,16571000
Burkina Faso,2013,1452,26.346,Africa,17073000
Burkina Faso,2014,1513,26.934,Africa,17586000
Burkina Faso,2015,1527,27.53,Africa,18111000
Burkina Faso,2016,1561,28.134,Africa,18646000
Burundi,2008,843,10.118,Africa,8126000
Burundi,2009,774,10.376,Africa,8398000
Burundi,2010,743,10.642,Africa,8676000
Burundi,2011,719,10.915,Africa,8958000
Burundi,2012,729,11.194,Africa,9246000
Burundi,2013,763,11.482,Africa,9540000
Burundi,2014,779,11.776,Africa,9844000
Burundi,2015,723,12.078,Africa,10160000
Burundi,2016,692,12.388,Africa,10488000
Cambodia,2008,2389,19.571,Asia,13884000
Cambodia,2009,2274,19.93,Asia,14094000
Cambodia,2010,2322,20.294,Asia,14312000
Cambodia,2011,2496,20.663,Asia,14541000
Cambodia,2012,2643,21.037,Asia,14780000
Cambodia,2013,2942,21.415,Asia,15026000
Cambodia,2014,2981,21.799,Asia,15275000
Cambodia,2015,3139,22.188,Asia,15521000
Cambodia,2016,3307,22.582,Asia,15766000
Cameroon,2008,2414,50.35,Africa,19253000
Cameroon,2009,2383,50.954,Africa,19790000
Cameroon,2010,2422,51.559,Africa,20341000
Cameroon,2011,2494,52.164,Africa,20906000
Cameroon,2012,2568,52.769,Africa,21485000
Cameroon,2013,2592,53.373,Africa,22077000
Cameroon,2014,2672,53.976,Africa,22682000
Cameroon,2015,2754,54.578,Africa,23298000
Cameroon,2016,2803,55.179,Africa,23927000
Canada,2008,43642,80.578,North America,33338000
Canada,2009,39214,80.758,North America,33746000
Canada,2010,40618,80.937,North America,34148000
Canada,2011,42197,81.096,North America,34539000
Canada,2012,41615,81.137,North America,34922000
Canada,2013,41816,81.178,North America,35297000
Canada,2014,42833,81.218,North America,35664000
Canada,2015,42844,81.259,North America,36027000
Canada,2016,42969,81.3,North America,36383000
Cape Verde,2008,5528,60.194,Africa,481000
Cape Verde,2009,5666,61.016,Africa,487000
Cape Verde,2010,5917,61.821,Africa,493000
Cape Verde,2011,6295,62.322,Africa,499000
Cape Verde,2012,6351,62.821,Africa,505000
Cape Verde,2013,5625,63.317,Africa,512000
Cape Verde,2014,6353,63.81,Africa,518000
Cape Verde,2015,6358,64.3,Africa,525000
Cape Verde,2016,6512,64.784,Africa,531000
Chad,2008,1605,21.901,Africa,11184000
Chad,2009,1444,21.934,Africa,11560000
Chad,2010,1764,21.985,Africa,11952000
Chad,2011,1661,22.054,Africa,12361000
Chad,2012,1806,22.142,Africa,12785000
Chad,2013,1958,22.248,Africa,13220000
Chad,2014,2282,22.372,Africa,13664000
Chad,2015,2387,22.515,Africa,14111000
Chad,2016,2192,22.677,Africa,14562000
Chile,2008,15817,86.959,South America,16708000
Chile,2009,15941,87.017,South America,16886000
Chile,2010,18075,87.074,South America,17063000
Chile,2011,19705,87.132,South America,17234000
Chile,2012,20687,87.189,South America,17400000
Chile,2013,20781,87.246,South America,17572000
Chile,2014,21090,87.303,South America,17759000
Chile,2015,21340,87.36,South America,17969000
Chile,2016,21446,87.422,South America,18209000
China,2008,7741,46.539,Asia,1353569024
China,2009,8394,47.88,Asia,1361169024
China,2010,9475,49.226,Asia,1368811008
China,2011,10221,50.511,Asia,1376498048
China,2012,10654,51.765,Asia,1384205952
China,2013,11088,53.013,Asia,1391883008
China,2014,11708,54.259,Asia,1399453952
China,2015,12002,55.5,Asia,1406848000
China,2016,12320,56.736,Asia,1414049024
Colombia,2008,9764,77.204,South America,44255000
Colombia,2009,9843,77.587,South America,44750000
Colombia,2010,10618,77.964,South America,45223000
Colombia,2011,11788,78.335,South America,45663000
Colombia,2012,12078,78.701,South America,46076000
Colombia,2013,12293,79.061,South America,46495000
Colombia,2014,12619,79.415,South America,46968000
Colombia,2015,12858,79.764,South America,47521000
Colombia,2016,12963,80.108,South America,48175000
Comoros,2008,1538,27.886,Africa,657000
Comoros,2009,1481,27.921,Africa,673000
Comoros,2010,1437,27.973,Africa,690000
Comoros,2011,1479,28.04,Africa,707000
Comoros,2012,1523,28.123,Africa,724000
Comoros,2013,1634,28.223,Africa,742000
Comoros,2014,1658,28.338,Africa,759000
Comoros,2015,1706,28.47,Africa,777000
Comoros,2016,1713,28.619,Africa,796000
Congo,2008,3875,62.346,Africa,4011000
Congo,2009,3566,62.8,Africa,4145000
Congo,2010,5097,63.256,Africa,4274000
Congo,2011,5875,63.712,Africa,4395000
Congo,2012,5412,64.169,Africa,4510000
Congo,2013,5156,64.627,Africa,4623000
Congo,2014,4561,65.085,Africa,4737000
Congo,2015,4526,65.543,Africa,4856000
Congo,2016,4310,66.001,Africa,4981000
Costa Rica,2008,11391,69.39,North America,4463000
Costa Rica,2009,11769,70.575,North America,4521000
Costa Rica,2010,11989,71.736,North America,4577000
Costa Rica,2011,12366,72.868,North America,4633000
Costa Rica,2012,12397,73.946,North America,4688000
Costa Rica,2013,12301,74.97,North America,4742000
Costa Rica,2014,13117,75.941,North America,4795000
Costa Rica,2015,13568,76.862,North America,4848000
Costa Rica,2016,13986,77.735,North America,4899000
Cote d'Ivoire,2008,2215,46.491,Africa,19606000
Cote d'Ivoire,2009,2400,46.91,Africa,20059000
Cote d'Ivoire,2010,2608,47.33,Africa,20533000
Cote d'Ivoire,2011,2444,47.751,Africa,21029000
Cote d'Ivoire,2012,2892,48.172,Africa,21547000
Cote d'Ivoire,2013,3102,48.593,Africa,22088000
Cote d'Ivoire,2014,3250,49.014,Africa,22648000
Cote d'Ivoire,2015,3473,49.444,Africa,23226000
Cote d'Ivoire,2016,3664,49.881,Africa,23823000
Croatia,2008,20406,54.819,Europe,4353000
Croatia,2009,19645,54.987,Europe,4341000
Croatia,2010,18987,55.155,Europe,4328000
Croatia,2011,19813,55.322,Europe,4313000
Croatia,2012,20523,55.506,Europe,4296000
Croatia,2013,20130,55.706,Europe,4277000
Croatia,2014,20466,55.923,Europe,4256000
Croatia,2015,20905,56.155,Europe,4233000
Croatia,2016,21625,56.403,Europe,4209000
Cuba,2008,6336,76.413,North America,11237000
Cuba,2009,6476,76.505,North America,11227000
Cuba,2010,6697,76.597,North America,11226000
Cuba,2011,6928,76.689,North America,11237000
Cuba,2012,7138,76.781,North America,11257000
Cuba,2013,7379,76.827,North America,11283000
Cuba,2014,7628,76.861,North America,11307000
Cuba,2015,7889,76.896,North America,11325000
Cuba,2016,,76.93,North America,11335000
Cyprus,2008,29136,67.839,Europe,1082000
Cyprus,2009,30050,67.695,Europe,1098000
Cyprus,2010,29488,67.551,Europe,1113000
Cyprus,2011,27272,67.406,Europe,1125000
Cyprus,2012,27174,67.261,Europe,1135000
Cyprus,2013,25699,67.137,Europe,1144000
Cyprus,2014,25331,67.031,Europe,1152000
Cyprus,2015,25903,66.946,Europe,1161000
Cyprus,2016,26540,66.881,Europe,1170000
Czech Republic,2008,25857,73.394,Europe,10425000
Czech Republic,2009,25821,73.324,Europe,10488000
Czech Republic,2010,25608,73.255,Europe,10537000
Czech Republic,2011,26725,73.185,Europe,10567000
Czech Republic,2012,26924,73.197,Europe,10581000
Czech Republic,2013,27678,73.29,Europe,10587000
Czech Republic,2014,29148,73.384,Europe,10591000
Czech Republic,2015,30410,73.477,Europe,10601000
Czech Republic,2016,31089,73.57,Europe,10619000
Denmark,2008,41520,86.487,Europe,5498000
Denmark,2009,40629,86.654,Europe,5526000
Denmark,2010,42474,86.795,Europe,5555000
Denmark,2011,43575,86.957,Europe,5583000
Denmark,2012,43697,87.142,Europe,5611000
Denmark,2013,44268,87.292,Europe,5638000
Denmark,2014,44542,87.41,Europe,5664000
Denmark,2015,44939,87.526,Europe,5689000
Denmark,2016,45141,87.642,Europe,5711000
Djibouti,2008,2983,76.899,Africa,816000
Djibouti,2009,2688,76.944,Africa,828000
Djibouti,2010,2597,76.999,Africa,840000
Djibouti,2011,2590,77.064,Africa,854000
Djibouti,2012,2707,77.138,Africa,868000
Djibouti,2013,2756,77.222,Africa,883000
Djibouti,2014,3127,77.314,Africa,899000
Djibouti,2015,3258,77.417,Africa,914000
Djibouti,2016,3394,77.528,Africa,929000
Dominica,2008,9275,67.502,North America,71000
Dominica,2009,8458,67.799,North America,71000
Dominica,2010,9507,68.094,North America,71000
Dominica,2011,8944,68.389,North America,71000
Dominica,2012,9239,68.685,North America,71000
Dominica,2013,9371,68.982,North America,71000
Dominica,2014,9729,69.28,North America,71000
Dominica,2015,9537,69.579,North America,71000
Dominica,2016,9773,69.88,North America,71000
Dominican Republic,2008,10224,71.3,North America,9458000
Dominican Republic,2009,10783,72.542,North America,9577000
Dominican Republic,2010,11524,73.753,North America,9695000
Dominican Republic,2011,11679,74.827,North America,9813000
Dominican Republic,2012,11936,75.802,North America,9931000
Dominican Republic,2013,12101,76.749,North America,10048000
Dominican Republic,2014,12657,77.67,North America,10165000
Dominican Republic,2015,13382,78.566,North America,10282000
Dominican Republic,2016,14088,79.436,North America,10398000
Ecuador,2008,8790,62.3,South America,14536000
Ecuador,2009,8524,62.495,South America,14774000
Ecuador,2010,9111,62.69,South America,15011000
Ecuador,2011,9985,62.851,South America,15244000
Ecuador,2012,10342,62.988,South America,15474000
Ecuador,2013,10875,63.125,South America,15707000
Ecuador,2014,11046,63.261,South America,15952000
Ecuador,2015,10914,63.398,South America,16212000
Ecuador,2016,10536,63.534,South America,16491000
Egypt,2008,8191,43.058,Asia,79636000
Egypt,2009,8398,43.039,Asia,81135000
Egypt,2010,9578,43.019,Asia,82761000
Egypt,2011,10737,43,Asia,84529000
Egypt,2012,10736,42.946,Asia,86422000
Egypt,2013,10803,42.893,Asia,88405000
Egypt,2014,11092,42.839,Asia,90425000
Egypt,2015,11236,42.785,Asia,92443000
Egypt,2016,11430,42.732,Asia,94447000
El Salvador,2008,7316,63.678,North America,6132000
El Salvador,2009,6967,64.57,North America,6158000
El Salvador,2010,7260,65.452,North America,6184000
El Salvador,2011,7607,66.325,North America,6211000
El Salvador,2012,7782,67.187,North America,6238000
El Salvador,2013,7800,68.036,North America,6266000
El Salvador,2014,7988,68.874,North America,6295000
El Salvador,2015,8163,69.7,North America,6325000
El Salvador,2016,8335,70.501,North America,6356000
Equatorial Guinea,2008,46643,62.745,Africa,861000
Equatorial Guinea,2009,46545,64.358,Africa,902000
Equatorial Guinea,2010,41759,65.94,Africa,944000
Equatorial Guinea,2011,43841,67.488,Africa,987000
Equatorial Guinea,2012,41292,69,Africa,1031000
Equatorial Guinea,2013,42940,69.544,Africa,1076000
Equatorial Guinea,2014,39603,70.083,Africa,1122000
Equatorial Guinea,2015,35743,70.616,Africa,1169000
Equatorial Guinea,2016,31486,71.138,Africa,1215000
Estonia,2008,20883,68.351,Europe,1340000
Estonia,2009,19387,68.223,Europe,1336000
Estonia,2010,19917,68.094,Europe,1332000
Estonia,2011,21997,67.965,Europe,1328000
Estonia,2012,23756,67.974,Europe,1323000
Estonia,2013,24710,68.122,Europe,1319000
Estonia,2014,25424,68.269,Europe,1316000
Estonia,2015,25790,68.416,Europe,1315000
Estonia,2016,26173,68.563,Europe,1317000
Ethiopia,2008,989,16.51,Africa,82916000
Ethiopia,2009,936,16.91,Africa,85234000
Ethiopia,2010,1049,17.319,Africa,87640000
Ethiopia,2011,1199,17.735,Africa,90140000
Ethiopia,2012,1284,18.16,Africa,92727000
Ethiopia,2013,1361,18.575,Africa,95386000
Ethiopia,2014,1481,18.998,Africa,98094000
Ethiopia,2015,1576,19.428,Africa,100835000
Ethiopia,2016,1659,19.866,Africa,103603000
Finland,2008,40357,83.299,Europe,5319000
Finland,2009,37818,83.429,Europe,5342000
Finland,2010,38074,83.77,Europe,5366000
Finland,2011,38432,84.313,Europe,5390000
Finland,2012,38865,84.841,Europe,5415000
Finland,2013,37913,85.125,Europe,5439000
Finland,2014,37943,85.175,Europe,5461000
Finland,2015,37920,85.225,Europe,5481000
Finland,2016,38335,85.275,Europe,5498000
France,2008,35755,77.868,Europe,62209000
France,2009,35255,78.117,Europe,62543000
France,2010,35871,78.369,Europe,62880000
France,2011,36691,78.622,Europe,63222000
France,2012,36773,78.878,Europe,63564000
France,2013,37926,79.135,Europe,63894000
France,2014,38134,79.394,Europe,64194000
France,2015,38448,79.655,Europe,64453000
France,2016,38758,79.917,Europe,64668000
Gabon,2008,18388,84.359,Africa,1519000
Gabon,2009,11278,84.955,Africa,1569000
Gabon,2010,11469,85.533,Africa,1624000
Gabon,2011,16403,86.092,Africa,1685000
Gabon,2012,14665,86.634,Africa,1750000
Gabon,2013,14757,87.156,Africa,1817000
Gabon,2014,14053,87.651,Africa,1884000
Gabon,2015,14315,88.118,Africa,1948000
Gabon,2016,14334,88.559,Africa,2008000
Gambia,2008,1820,54.211,Africa,1689000
Gambia,2009,1799,54.937,Africa,1740000
Gambia,2010,1850,55.662,Africa,1793000
Gambia,2011,1669,56.384,Africa,1848000
Gambia,2012,1781,57.105,Africa,1905000
Gambia,2013,1830,57.82,Africa,1964000
Gambia,2014,1901,58.528,Africa,2024000
Gambia,2015,1948,59.228,Africa,2086000
Gambia,2016,1950,59.918,Africa,2149000
Georgia,2008,7458,54.765,North America,4143000
Georgia,2009,7867,55.15,North America,4119000
Georgia,2010,8305,55.535,North America,4099000
Georgia,2011,8946,55.919,North America,4081000
Georgia,2012,9241,56.303,North America,4064000
Georgia,2013,9540,56.685,North America,4049000
Georgia,2014,9903,57.067,North America,4035000
Georgia,2015,10198,57.448,North America,4024000
Georgia,2016,10483,57.837,North America,4015000
Germany,2008,41333,76.575,Europe,81066000
Germany,2009,39480,76.771,Europe,80900000
Germany,2010,41215,76.966,Europe,80827000
Germany,2011,43189,77.16,Europe,80856000
Germany,2012,43198,77.17,Europe,80973000
Germany,2013,44560,77.18,Europe,81174000
Germany,2014,46038,77.19,Europe,81450000
Germany,2015,46426,77.2,Europe,81787000
Germany,2016,46841,77.224,Europe,82194000
Ghana,2008,2647,49.351,Africa,23564000
Ghana,2009,2540,50.031,Africa,24171000
Ghana,2010,2682,50.713,Africa,24780000
Ghana,2011,3283,51.394,Africa,25388000
Ghana,2012,3691,52.073,Africa,25996000
Ghana,2013,3635,52.748,Africa,26608000
Ghana,2014,3627,53.419,Africa,27224000
Ghana,2015,3687,54.086,Africa,27849000
Ghana,2016,3753,54.749,Africa,28482000
Greece,2008,29288,75.568,Europe,11040000
Greece,2009,28959,75.932,Europe,10959000
Greece,2010,27169,76.292,Europe,10888000
Greece,2011,24349,76.649,Europe,10829000
Greece,2012,23898,77.004,Europe,10781000
Greece,2013,24807,77.355,Europe,10741000
Greece,2014,24437,77.702,Europe,10701000
Greece,2015,24545,78.046,Europe,10660000
Greece,2016,24689,78.387,Europe,10615000
Guatemala,2008,6051,47.807,North America,14006000
Guatemala,2009,6132,48.104,North America,14316000
Guatemala,2010,6323,48.403,North America,14630000
Guatemala,2011,6650,48.701,North America,14949000
Guatemala,2012,6643,49,North America,15271000
Guatemala,2013,6689,49.311,North America,15596000
Guatemala,2014,6900,49.634,North America,15923000
Guatemala,2015,7055,49.971,North America,16252000
Guatemala,2016,7137,50.319,North America,16583000
Guinea,2008,1163,33.106,Africa,9739000
Guinea,2009,1042,33.391,Africa,9964000
Guinea,2010,1219,33.678,Africa,10192000
Guinea,2011,1347,33.966,Africa,10420000
Guinea,2012,1404,34.255,Africa,10652000
Guinea,2013,1464,34.545,Africa,10893000
Guinea,2014,1646,34.836,Africa,11151000
Guinea,2015,1606,35.141,Africa,11432000
Guinea,2016,1668,35.46,Africa,11738000
Guinea-Bissau,2008,1275,39.325,Africa,1447000
Guinea-Bissau,2009,1253,39.716,Africa,1484000
Guinea-Bissau,2010,1324,40.111,Africa,1523000
Guinea-Bissau,2011,1413,40.508,Africa,1563000
Guinea-Bissau,2012,1283,40.908,Africa,1605000
Guinea-Bissau,2013,1281,41.31,Africa,1648000
Guinea-Bissau,2014,1277,41.715,Africa,1692000
Guinea-Bissau,2015,1313,42.123,Africa,1737000
Guinea-Bissau,2016,1354,42.533,Africa,1782000
Haiti,2008,1660,45.551,North America,9647000
Haiti,2009,1676,46.528,North America,9798000
Haiti,2010,1644,47.509,North America,9949000
Haiti,2011,1648,48.492,North America,10100000
Haiti,2012,1600,49.477,North America,10251000
Haiti,2013,1638,50.46,North America,10401000
Haiti,2014,1655,51.444,North America,10549000
Haiti,2015,1649,52.427,North America,10696000
Haiti,2016,1636,53.396,North America,10840000
Honduras,2008,4070,50.566,North America,7981000
Honduras,2009,4048,51.225,North America,8151000
Honduras,2010,4189,51.885,North America,8317000
Honduras,2011,4421,52.543,North America,8481000
Honduras,2012,4418,53.202,North America,8641000
Honduras,2013,4213,53.858,North America,8799000
Honduras,2014,4272,54.514,North America,8956000
Honduras,2015,4352,55.165,North America,9113000
Honduras,2016,4435,55.813,North America,9271000
Hong Kong,2008,45074,100,Asia,6882000
Hong Kong,2009,42672,100,Asia,6925000
Hong Kong,2010,44857,100,Asia,6966000
Hong Kong,2011,44532,100,Asia,7007000
Hong Kong,2012,44716,100,Asia,7047000
Hong Kong,2013,53707,100,Asia,7089000
Hong Kong,2014,45785,100,Asia,7135000
Hong Kong,2015,46504,100,Asia,7186000
Hong Kong,2016,47043,100,Asia,7244000
Hungary,2008,19457,67.943,Europe,9992000
Hungary,2009,19799,68.46,Europe,9959000
Hungary,2010,20365,68.911,Europe,9927000
Hungary,2011,20886,69.358,Europe,9896000
Hungary,2012,20945,69.678,Europe,9864000
Hungary,2013,21816,69.953,Europe,9834000
Hungary,2014,22766,70.227,Europe,9805000
Hungary,2015,23539,70.5,Europe,9778000
Hungary,2016,24047,70.779,Europe,9753000
Iceland,2008,39947,93.395,Europe,311000
Iceland,2009,39098,93.511,Europe,316000
Iceland,2010,36515,93.574,Europe,320000
Iceland,2011,36740,93.587,Europe,323000
Iceland,2012,37721,93.6,Europe,326000
Iceland,2013,38668,93.633,Europe,327000
Iceland,2014,39383,93.667,Europe,329000
Iceland,2015,40572,93.7,Europe,330000
Iceland,2016,42980,93.735,Europe,332000
India,2008,3754,30.246,Asia,1200669952
India,2009,3936,30.587,Asia,1217725952
India,2010,4353,30.93,Asia,1234280960
India,2011,4768,31.276,Asia,1250288000
India,2012,4974,31.634,Asia,1265779968
India,2013,5052,32.003,Asia,1280841984
India,2014,5312,32.384,Asia,1295601024
India,2015,5639,32.777,Asia,1310151936
India,2016,5961,33.182,Asia,1324516992
Indonesia,2008,5790,48.335,Asia,235470000
Indonesia,2009,6332,49.134,Asia,238620992
Indonesia,2010,7378,49.914,Asia,241834000
Indonesia,2011,8849,50.595,Asia,245116000
Indonesia,2012,9144,51.276,Asia,248452000
Indonesia,2013,9391,51.955,Asia,251804992
Indonesia,2014,9720,52.635,Asia,255128000
Indonesia,2015,10099,53.313,Asia,258383008
Indonesia,2016,10511,53.989,Asia,261556000
Iran,2008,16991,69.458,Asia,72121000
Iran,2009,17309,70.045,Asia,72925000
Iran,2010,17716,70.626,Asia,73763000
Iran,2011,18024,71.2,Asia,74635000
Iran,2012,15734,71.755,Asia,75540000
Iran,2013,15844,72.295,Asia,76482000
Iran,2014,15261,72.83,Asia,77466000
Iran,2015,15039,73.358,Asia,78492000
Iran,2016,15529,73.88,Asia,79564000
Iraq,2008,7075,68.927,Asia,28386000
Iraq,2009,7964,68.98,Asia,28973000
Iraq,2010,9426,69.103,Asia,29742000
Iraq,2011,11484,69.268,Asia,30725000
Iraq,2012,12408,69.432,Asia,31890000
Iraq,2013,13213,69.595,Asia,33157000
Iraq,2014,12889,69.758,Asia,34412000
Iraq,2015,13087,69.921,Asia,35572000
Iraq,2016,13976,70.094,Asia,36611000
Ireland,2008,49308,61.141,Europe,4416000
Ireland,2009,48126,61.342,Europe,4495000
Ireland,2010,48910,61.542,Europe,4554000
Ireland,2011,48980,61.742,Europe,4591000
Ireland,2012,48120,61.942,Europe,4608000
Ireland,2013,48162,62.141,Europe,4615000
Ireland,2014,51772,62.34,Europe,4627000
Ireland,2015,53372,62.538,Europe,4652000
Ireland,2016,55653,62.737,Europe,4696000
Israel,2008,28071,91.702,Asia,7021000
Israel,2009,29106,91.763,Asia,7190000
Israel,2010,29319,91.826,Asia,7346000
Israel,2011,29370,91.892,Asia,7487000
Israel,2012,29852,91.96,Asia,7615000
Israel,2013,30625,92.031,Asia,7735000
Israel,2014,31454,92.104,Asia,7854000
Israel,2015,31729,92.179,Asia,7978000
Israel,2016,32494,92.256,Asia,8109000
Italy,2008,35938,68.092,Europe,58922000
Italy,2009,34766,68.209,Europe,59106000
Italy,2010,34544,68.327,Europe,59325000
Italy,2011,35151,68.444,Europe,59589000
Italy,2012,35142,68.684,Europe,59879000
Italy,2013,34482,68.979,Europe,60167000
Italy,2014,34371,69.272,Europe,60410000
Italy,2015,34673,69.565,Europe,60578000
Italy,2016,34989,69.855,Europe,60663000
Jamaica,2008,6813,53.371,Africa,2782000
Jamaica,2009,7146,53.557,Africa,2796000
Jamaica,2010,7143,53.743,Africa,2810000
Jamaica,2011,7141,53.93,Africa,2826000
Jamaica,2012,6972,54.132,Africa,2842000
Jamaica,2013,7096,54.35,Africa,2859000
Jamaica,2014,7096,54.584,Africa,2875000
Jamaica,2015,7115,54.833,Africa,2891000
Jamaica,2016,7175,55.098,Africa,2906000
Japan,2008,35257,89.103,Asia,128539000
Japan,2009,33798,89.989,Asia,128555000
Japan,2010,35477,90.812,Asia,128542000
Japan,2011,34979,91.069,Asia,128499000
Japan,2012,35143,91.148,Asia,128424000
Japan,2013,35494,91.226,Asia,128314000
Japan,2014,35550,91.304,Asia,128169000
Japan,2015,36030,91.381,Asia,127985000
Japan,2016,36452,91.457,Asia,127763000
Jordan,2008,9342,83.692,Asia,6556000
Jordan,2009,10602,84.928,Asia,6893000
Jordan,2010,10594,86.088,Asia,7262000
Jordan,2011,11615,87.172,Asia,7663000
Jordan,2012,12083,88.185,Asia,8090000
Jordan,2013,11656,89.125,Asia,8519000
Jordan,2014,11741,90,Asia,8919000
Jordan,2015,11738,90.256,Asia,9267000
Jordan,2016,11748,90.506,Asia,9554000
Kazakhstan,2008,16214,56.682,Asia,15862000
Kazakhstan,2009,15395,56.755,Asia,16043000
Kazakhstan,2010,17738,56.827,Asia,16252000
Kazakhstan,2011,21302,56.9,Asia,16491000
Kazakhstan,2012,21947,56.973,Asia,16752000
Kazakhstan,2013,23365,57.046,Asia,17026000
Kazakhstan,2014,23398,57.118,Asia,17303000
Kazakhstan,2015,23408,57.191,Asia,17572000
Kazakhstan,2016,23399,57.264,Asia,17831000
Kenya,2008,2272,22.8,Africa,39792000
Kenya,2009,2366,23.183,Africa,40902000
Kenya,2010,2553,23.571,Africa,42031000
Kenya,2011,2712,23.969,Africa,43178000
Kenya,2012,2815,24.376,Africa,44343000
Kenya,2013,2877,24.794,Africa,45520000
Kenya,2014,2984,25.221,Africa,46700000
Kenya,2015,3090,25.658,Africa,47878000
Kenya,2016,3214,26.105,Africa,49052000
Kuwait,2008,90071,100,Asia,2656000
Kuwait,2009,62189,100,Asia,2821000
Kuwait,2010,63719,100,Asia,2992000
Kuwait,2011,77126,100,Asia,3168000
Kuwait,2012,82954,100,Asia,3349000
Kuwait,2013,75584,100,Asia,3526000
Kuwait,2014,69228,100,Asia,3691000
Kuwait,2015,68127,100,Asia,3836000
Kuwait,2016,67798,100,Asia,3957000
Kyrgyzstan,2008,3354,35.285,Asia,5255000
Kyrgyzstan,2009,3384,35.284,Asia,5335000
Kyrgyzstan,2010,3381,35.306,Asia,5422000
Kyrgyzstan,2011,4142,35.352,Asia,5518000
Kyrgyzstan,2012,3959,35.423,Asia,5622000
Kyrgyzstan,2013,4360,35.517,Asia,5731000
Kyrgyzstan,2014,5773,35.635,Asia,5845000
Kyrgyzstan,2015,5910,35.777,Asia,5959000
Kyrgyzstan,2016,6065,35.944,Asia,6074000
Laos,2008,3240,28.893,Asia,6047000
Laos,2009,3599,29.475,Asia,6149000
Laos,2010,3791,30.064,Asia,6249000
Laos,2011,4401,30.66,Asia,6348000
Laos,2012,4978,31.264,Asia,6445000
Laos,2013,5197,31.872,Asia,6541000
Laos,2014,5667,32.487,Asia,6640000
Laos,2015,6001,33.108,Asia,6741000
Laos,2016,6324,33.736,Asia,6846000
Latvia,2008,18225,67.834,Europe,2171000
Latvia,2009,16439,67.814,Europe,2145000
Latvia,2010,16847,67.841,Europe,2119000
Latvia,2011,18428,67.869,Europe,2094000
Latvia,2012,19812,67.897,Europe,2069000
Latvia,2013,20765,67.925,Europe,2045000
Latvia,2014,21944,67.952,Europe,2021000
Latvia,2015,22724,67.98,Europe,1998000
Latvia,2016,23362,68.021,Europe,1974000
Lebanon,2008,14456,87.042,Asia,4765000
Lebanon,2009,16230,87.187,Asia,4813000
Lebanon,2010,16988,87.334,Asia,4953000
Lebanon,2011,16230,87.484,Asia,5202000
Lebanon,2012,15903,87.636,Asia,5538000
Lebanon,2013,14627,87.79,Asia,5913000
Lebanon,2014,13117,87.947,Asia,6261000
Lebanon,2015,12665,88.106,Asia,6533000
Lebanon,2016,12683,88.266,Asia,6714000
Lesotho,2008,2527,23.796,Africa,1987000
Lesotho,2009,2515,24.293,Africa,1990000
Lesotho,2010,2304,24.798,Africa,1996000
Lesotho,2011,2346,25.31,Africa,2004000
Lesotho,2012,2588,25.704,Africa,2015000
Lesotho,2013,2686,26.101,Africa,2029000
Lesotho,2014,2881,26.502,Africa,2043000
Lesotho,2015,2954,26.908,Africa,2059000
Lesotho,2016,3015,27.317,Africa,2075000
Liberia,2008,873,47.088,Africa,3608000
Liberia,2009,814,47.445,Africa,3754000
Liberia,2010,896,47.813,Africa,3891000
Liberia,2011,820,48.193,Africa,4017000
Liberia,2012,800,48.583,Africa,4136000
Liberia,2013,827,48.985,Africa,4248000
Liberia,2014,816,49.397,Africa,4360000
Liberia,2015,798,49.82,Africa,4472000
Liberia,2016,764,50.254,Africa,4587000
Libya,2008,31457,77.632,Africa,6059000
Libya,2009,30659,77.837,Africa,6134000
Libya,2010,31419,78.052,Africa,6198000
Libya,2011,12893,78.277,Africa,6247000
Libya,2012,29766,78.512,Africa,6286000
Libya,2013,13326,78.756,Africa,6320000
Libya,2014,9736,79.009,Africa,6362000
Libya,2015,8514,79.27,Africa,6418000
Libya,2016,8096,79.54,Africa,6492000
Lithuania,2008,18693,66.848,Europe,3213000
Lithuania,2009,17132,66.842,Europe,3167000
Lithuania,2010,18340,66.757,Europe,3124000
Lithuania,2011,20243,66.741,Europe,3083000
Lithuania,2012,22259,66.864,Europe,3046000
Lithuania,2013,23389,66.986,Europe,3009000
Lithuania,2014,24604,67.108,Europe,2971000
Lithuania,2015,25279,67.23,Europe,2932000
Lithuania,2016,26182,67.366,Europe,2890000
Luxembourg,2008,55292,87.8,Europe,485000
Luxembourg,2009,55244,88.178,Europe,497000
Luxembourg,2010,58364,88.547,Europe,508000
Luxembourg,2011,54031,88.906,Europe,519000
Luxembourg,2012,57873,89.249,Europe,531000
Luxembourg,2013,56319,89.574,Europe,543000
Luxembourg,2014,66750,89.884,Europe,555000
Luxembourg,2015,67804,90.179,Europe,567000
Luxembourg,2016,69057,90.46,Europe,579000
Macedonia,2008,10750,57.175,Europe,2067000
Macedonia,2009,11415,57.117,Europe,2069000
Macedonia,2010,11625,57.089,Europe,2071000
Macedonia,2011,11321,57.092,Europe,2072000
Macedonia,2012,11748,57.125,Europe,2074000
Macedonia,2013,12421,57.189,Europe,2076000
Macedonia,2014,13110,57.284,Europe,2078000
Macedonia,2015,13586,57.408,Europe,2079000
Macedonia,2016,13887,57.563,Europe,2081000
Madagascar,2008,1208,30.67,Africa,19996000
Madagascar,2009,1198,31.301,Africa,20569000
Madagascar,2010,1301,31.938,Africa,21152000
Madagascar,2011,1347,32.58,Africa,21744000
Madagascar,2012,1356,33.227,Africa,22347000
Madagascar,2013,1317,33.878,Africa,22961000
Madagascar,2014,1282,34.534,Africa,23590000
Madagascar,2015,1288,35.193,Africa,24234000
Madagascar,2016,1307,35.856,Africa,24894000
Malawi,2008,1262,15.326,Africa,13728000
Malawi,2009,997,15.429,Africa,14128000
Malawi,2010,994,15.544,Africa,14540000
Malawi,2011,1102,15.672,Africa,14962000
Malawi,2012,1005,15.812,Africa,15396000
Malawi,2013,1031,15.966,Africa,15839000
Malawi,2014,964,16.132,Africa,16290000
Malawi,2015,960,16.313,Africa,16745000
Malawi,2016,950,16.506,Africa,17205000
Malaysia,2008,17770,69.225,Asia,27236000
Malaysia,2009,16645,70.075,Asia,27735000
Malaysia,2010,17653,70.912,Asia,28208000
Malaysia,2011,19390,71.609,Asia,28651000
Malaysia,2012,20203,72.275,Asia,29068000
Malaysia,2013,21152,72.93,Asia,29469000
Malaysia,2014,21339,73.577,Asia,29867000
Malaysia,2015,22075,74.213,Asia,30271000
Malaysia,2016,22687,74.84,Asia,30685000
Mali,2008,1382,34.403,Africa,14114000
Mali,2009,1487,35.2,Africa,14581000
Mali,2010,1591,35.999,Africa,15049000
Mali,2011,1500,36.799,Africa,15515000
Mali,2012,1412,37.599,Africa,15979000
Mali,2013,1444,38.398,Africa,16450000
Mali,2014,1514,39.196,Africa,16934000
Mali,2015,1563,39.991,Africa,17439000
Mali,2016,1604,40.783,Africa,17965000
Malta,2008,23157,93.929,Europe,409000
Malta,2009,24547,94.001,Europe,412000
Malta,2010,24706,94.072,Europe,414000
Malta,2011,23871,94.141,Europe,418000
Malta,2012,24000,94.211,Europe,422000
Malta,2013,24207,94.279,Europe,426000
Malta,2014,25001,94.347,Europe,430000
Malta,2015,26577,94.414,Europe,434000
Malta,2016,27612,94.48,Europe,436000
Mauritania,2008,2695,44.788,Africa,3296000
Mauritania,2009,2546,45.686,Africa,3393000
Mauritania,2010,2858,46.588,Africa,3494000
Mauritania,2011,3104,47.493,Africa,3599000
Mauritania,2012,3095,48.4,Africa,3707000
Mauritania,2013,2933,49.306,Africa,3817000
Mauritania,2014,3357,50.203,Africa,3931000
Mauritania,2015,3323,51.089,Africa,4046000
Mauritania,2016,3307,51.962,Africa,4164000
Mauritius,2008,15152,41.777,Africa,1239000
Mauritius,2009,15485,41.666,Africa,1244000
Mauritius,2010,15857,41.555,Africa,1248000
Mauritius,2011,16483,41.444,Africa,1251000
Mauritius,2012,16810,41.332,Africa,1253000
Mauritius,2013,16984,41.222,Africa,1255000
Mauritius,2014,17756,41.111,Africa,1257000
Mauritius,2015,18259,41,Africa,1259000
Mauritius,2016,18852,40.91,Africa,1262000
Mexico,2008,14442,77.222,North America,110815000
Mexico,2009,13474,77.52,North America,112464000
Mexico,2010,14276,77.815,North America,114093000
Mexico,2011,15210,78.111,North America,115695000
Mexico,2012,15203,78.405,North America,117274000
Mexico,2013,15357,78.699,North America,118827000
Mexico,2014,15531,78.993,North America,120355000
Mexico,2015,15766,79.285,North America,121858000
Mexico,2016,15803,79.577,North America,123333000
Moldova,2008,3503,42.682,Europe,4113000
Moldova,2009,3568,42.651,Europe,4098000
Moldova,2010,4180,42.62,Europe,4086000
Moldova,2011,4892,42.589,Europe,4079000
Moldova,2012,4938,42.558,Europe,4076000
Moldova,2013,5256,42.527,Europe,4075000
Moldova,2014,5534,42.496,Europe,4073000
Moldova,2015,5569,42.49,Europe,4071000
Moldova,2016,5851,42.511,Europe,4066000
Mongolia,2008,7034,65.581,Asia,2632000
Mongolia,2009,6723,66.58,Asia,2674000
Mongolia,2010,7487,67.567,Asia,2720000
Mongolia,2011,9484,67.963,Asia,2770000
Mongolia,2012,10771,68.03,Asia,2825000
Mongolia,2013,11088,68.097,Asia,2882000
Mongolia,2014,11035,68.163,Asia,2940000
Mongolia,2015,11139,68.23,Asia,2998000
Mongolia,2016,11105,68.297,Asia,3056000
Montenegro,2008,15054,63.475,Europe,621000
Montenegro,2009,14296,63.808,Europe,623000
Montenegro,2010,14536,64.14,Europe,624000
Montenegro,2011,15747,64.472,Europe,625000
Montenegro,2012,15709,64.804,Europe,626000
Montenegro,2013,16357,65.137,Europe,626000
Montenegro,2014,16903,65.471,Europe,627000
Montenegro,2015,17738,65.806,Europe,627000
Montenegro,2016,18244,66.141,Europe,627000
Morocco,2008,5803,56.886,Africa,31537000
Morocco,2009,6164,57.452,Africa,31929000
Morocco,2010,6603,58.018,Africa,32343000
Morocco,2011,7226,58.581,Africa,32782000
Morocco,2012,7323,59.142,Africa,33242000
Morocco,2013,7450,59.7,Africa,33716000
Morocco,2014,7324,60.256,Africa,34192000
Morocco,2015,7577,60.809,Africa,34664000
Morocco,2016,7613,61.36,Africa,35126000
Mozambique,2008,974,30.832,Africa,22277000
Mozambique,2009,972,31.328,Africa,22895000
Mozambique,2010,966,31.83,Africa,23532000
Mozambique,2011,925,32.336,Africa,24188000
Mozambique,2012,951,32.846,Africa,24863000
Mozambique,2013,1122,33.36,Africa,25561000
Mozambique,2014,1227,33.878,Africa,26286000
Mozambique,2015,1277,34.4,Africa,27042000
Mozambique,2016,1288,34.926,Africa,27830000
Myanmar,2008,2737,28.507,Asia,49930000
Myanmar,2009,2820,28.695,Asia,50250000
Myanmar,2010,3384,28.885,Asia,50601000
Myanmar,2011,3884,29.075,Asia,50991000
Myanmar,2012,4539,29.266,Asia,51414000
Myanmar,2013,4992,29.457,Asia,51852000
Myanmar,2014,5493,29.65,Asia,52281000
Myanmar,2015,5834,29.858,Asia,52681000
Myanmar,2016,6139,30.082,Asia,53045000
Namibia,2008,7499,39.597,Africa,2043000
Namibia,2009,7311,40.601,Africa,2081000
Namibia,2010,7440,41.616,Africa,2119000
Namibia,2011,8203,42.637,Africa,2157000
Namibia,2012,9181,43.693,Africa,2195000
Namibia,2013,9512,44.756,Africa,2234000
Namibia,2014,11484,45.826,Africa,2273000
Namibia,2015,11850,46.9,Africa,2315000
Namibia,2016,11741,47.961,Africa,2358000
Nepal,2008,1644,16.105,Asia,26667000
Nepal,2009,1847,16.434,Asia,26884000
Nepal,2010,2022,16.768,Asia,27013000
Nepal,2011,2189,17.108,Asia,27041000
Nepal,2012,2370,17.458,Asia,26989000
Nepal,2013,2422,17.815,Asia,26917000
Nepal,2014,2571,18.182,Asia,26906000
Nepal,2015,2607,18.557,Asia,27015000
Nepal,2016,2586,18.942,Asia,27263000
Netherlands,2008,47481,85.402,Europe,16568000
Netherlands,2009,45285,86.288,Europe,16626000
Netherlands,2010,44394,87.134,Europe,16683000
Netherlands,2011,44591,87.879,Europe,16738000
Netherlands,2012,45412,88.588,Europe,16792000
Netherlands,2013,48629,89.187,Europe,16844000
Netherlands,2014,47747,89.69,Europe,16893000
Netherlands,2015,48463,90.173,Europe,16938000
Netherlands,2016,49254,90.635,Europe,16981000
New Zealand,2008,29132,86.28,Oceania,4278000
New Zealand,2009,29852,86.22,Oceania,4323000
New Zealand,2010,30904,86.16,Oceania,4370000
New Zealand,2011,32057,86.1,Oceania,4419000
New Zealand,2012,31720,86.161,Oceania,4468000
New Zealand,2013,32708,86.221,Oceania,4519000
New Zealand,2014,33091,86.281,Oceania,4568000
New Zealand,2015,33445,86.341,Oceania,4615000
New Zealand,2016,34040,86.4,Oceania,4659000
Nicaragua,2008,3704,56.525,North America,5667000
Nicaragua,2009,3730,56.721,North America,5746000
Nicaragua,2010,3914,56.917,North America,5824000
Nicaragua,2011,4189,57.113,North America,5903000
Nicaragua,2012,4221,57.309,North America,5983000
Nicaragua,2013,4325,57.505,North America,6062000
Nicaragua,2014,4524,57.7,North America,6143000
Nicaragua,2015,4699,57.895,North America,6223000
Nicaragua,2016,4872,58.09,North America,6304000
Niger,2008,748,16.229,Africa,15251000
Niger,2009,761,16.225,Africa,15843000
Niger,2010,855,16.221,Africa,16464000
Niger,2011,799,16.216,Africa,17115000
Niger,2012,845,16.212,Africa,17795000
Niger,2013,859,16.208,Africa,18504000
Niger,2014,893,16.219,Africa,19240000
Niger,2015,895,16.247,Africa,20002000
Niger,2016,906,16.29,Africa,20789000
Nigeria,2008,4218,41.702,Africa,150270000
Nigeria,2009,4550,42.588,Africa,154324992
Nigeria,2010,5087,43.48,Africa,158503008
Nigeria,2011,5136,44.366,Africa,162804992
Nigeria,2012,5370,45.246,Africa,167228992
Nigeria,2013,5372,46.118,Africa,171766000
Nigeria,2014,5531,46.982,Africa,176404992
Nigeria,2015,5540,47.838,Africa,181136992
Nigeria,2016,5323,48.683,Africa,185960000
North Korea,2008,1757,60.04,Asia,24310000
North Korea,2009,1731,60.195,Asia,24428000
North Korea,2010,1713,60.377,Asia,24549000
North Korea,2011,1718,60.557,Asia,24673000
North Korea,2012,1731,60.738,Asia,24801000
North Korea,2013,1740,60.918,Asia,24930000
North Korea,2014,1749,61.098,Asia,25058000
North Korea,2015,1720,61.277,Asia,25184000
North Korea,2016,,61.471,Asia,25308000
Norway,2008,81923,78.526,Europe,4771000
Norway,2009,70175,78.815,Europe,4827000
Norway,2010,72578,79.102,Europe,4886000
Norway,2011,80623,79.455,Europe,4948000
Norway,2012,81826,79.874,Europe,5014000
Norway,2013,79894,80.286,Europe,5079000
Norway,2014,75846,80.692,Europe,5142000
Norway,2015,76305,81.091,Europe,5200000
Norway,2016,76397,81.485,Europe,5251000
Oman,2008,50637,74.08,Asia,2751000
Oman,2009,41592,74.624,Asia,2876000
Oman,2010,43260,75.161,Asia,3041000
Oman,2011,44454,76.183,Asia,3251000
Oman,2012,44308,77.564,Asia,3498000
Oman,2013,41970,78.882,Asia,3765000
Oman,2014,37748,80.145,Asia,4027000
Oman,2015,37096,81.35,Asia,4267000
Oman,2016,36883,82.5,Asia,4479000
Pakistan,2008,3761,34.59,Asia,171648992
Pakistan,2009,3901,34.793,Asia,175526000
Pakistan,2010,4133,34.997,Asia,179424992
Pakistan,2011,4464,35.202,Asia,183340000
Pakistan,2012,4568,35.408,Asia,187280000
Pakistan,2013,4676,35.613,Asia,191260992
Pakistan,2014,4876,35.819,Asia,195304992
Pakistan,2015,5056,36.026,Asia,199427008
Pakistan,2016,5250,36.234,Asia,203631008
Palestine,2008,3967,73.704,Asia,3857000
Palestine,2009,4191,73.923,Asia,3958000
Palestine,2010,4416,74.149,Asia,4056000
Palestine,2011,4863,74.381,Asia,4150000
Palestine,2012,5036,74.619,Asia,4242000
Palestine,2013,4917,74.863,Asia,4334000
Palestine,2014,4365,75.113,Asia,4429000
Palestine,2015,4422,75.368,Asia,4529000
Palestine,2016,,75.628,Asia,4636000
Panama,2008,13887,64.56,North America,3516000
Panama,2009,14285,64.851,North America,3579000
Panama,2010,15187,65.14,North America,3643000
Panama,2011,16762,65.437,North America,3706000
Panama,2012,18113,65.741,North America,3771000
Panama,2013,21044,66.052,North America,3835000
Panama,2014,19937,66.371,North America,3901000
Panama,2015,20809,66.696,North America,3968000
Panama,2016,21538,67.027,North America,4037000
Paraguay,2008,5980,58.612,South America,6081000
Paraguay,2009,6321,58.937,South America,6164000
Paraguay,2010,6878,59.261,South America,6248000
Paraguay,2011,7377,59.584,South America,6334000
Paraguay,2012,7522,59.907,South America,6422000
Paraguay,2013,7811,60.197,South America,6510000
Paraguay,2014,8210,60.474,South America,6600000
Paraguay,2015,8364,60.75,South America,6689000
Paraguay,2016,8605,61.026,South America,6778000
Peru,2008,8272,76.052,South America,28562000
Peru,2009,8248,76.241,South America,28793000
Peru,2010,9309,76.43,South America,29028000
Peru,2011,10044,76.617,South America,29264000
Peru,2012,10493,76.804,South America,29507000
Peru,2013,10783,76.989,South America,29774000
Peru,2014,10961,77.173,South America,30090000
Peru,2015,11215,77.357,South America,30471000
Peru,2016,11540,77.539,South America,30926000
Philippines,2008,4898,45.455,Asia,90902000
Philippines,2009,5033,45.371,Asia,92414000
Philippines,2010,5449,45.332,Asia,93967000
Philippines,2011,5851,45.522,Asia,95570000
Philippines,2012,5984,45.712,Asia,97213000
Philippines,2013,6393,45.903,Asia,98872000
Philippines,2014,6592,46.093,Asia,100513000
Philippines,2015,6870,46.284,Asia,102113000
Philippines,2016,7223,46.475,Asia,103664000
Poland,2008,17677,61.116,Europe,38357000
Poland,2009,18984,61.004,Europe,38352000
Poland,2010,20495,60.892,Europe,38330000
Poland,2011,21837,60.78,Europe,38287000
Poland,2012,23037,60.654,Europe,38227000
Poland,2013,23627,60.529,Europe,38158000
Poland,2014,24356,60.403,Europe,38091000
Poland,2015,25310,60.278,Europe,38034000
Poland,2016,26002,60.178,Europe,37989000
Portugal,2008,24575,59.359,Europe,10595000
Portugal,2009,25078,59.964,Europe,10604000
Portugal,2010,25589,60.567,Europe,10596000
Portugal,2011,25133,61.167,Europe,10569000
Portugal,2012,25743,61.763,Europe,10526000
Portugal,2013,25862,62.352,Europe,10473000
Portugal,2014,26717,62.936,Europe,10418000
Portugal,2015,27255,63.514,Europe,10368000
Portugal,2016,27726,64.086,Europe,10326000
Puerto Rico,2008,34168,93.942,North America,3608000
Puerto Rico,2009,33684,93.884,North America,3597000
Puerto Rico,2010,33718,93.825,North America,3580000
Puerto Rico,2011,33981,93.773,North America,3560000
Puerto Rico,2012,34395,93.726,North America,3537000
Puerto Rico,2013,34736,93.686,North America,3504000
Puerto Rico,2014,34787,93.651,North America,3454000
Puerto Rico,2015,35384,93.624,North America,3382000
Puerto Rico,2016,35082,93.602,North America,3283000
Romania,2008,15620,53.567,Europe,20830000
Romania,2009,15779,53.698,Europe,20638000
Romania,2010,16393,53.829,Europe,20472000
Romania,2011,17174,53.96,Europe,20337000
Romania,2012,18604,53.974,Europe,20227000
Romania,2013,18919,53.937,Europe,20133000
Romania,2014,19693,53.9,Europe,20036000
Romania,2015,20549,53.887,Europe,19925000
Romania,2016,18913,53.9,Europe,19796000
Russia,2008,20022,73.598,Europe,143248992
Russia,2009,17864,73.642,Europe,143327008
Russia,2010,20255,73.687,Europe,143479008
Russia,2011,23130,73.732,Europe,143703008
Russia,2012,23827,73.791,Europe,143994000
Russia,2013,23881,73.863,Europe,144324992
Russia,2014,23798,73.95,Europe,144664992
Russia,2015,23118,74.05,Europe,144984992
Russia,2016,23064,74.164,Europe,145275008
Rwanda,2008,1190,16.925,Africa,9525000
Rwanda,2009,1271,16.93,Africa,9783000
Rwanda,2010,1361,16.934,Africa,10039000
Rwanda,2011,1449,16.938,Africa,10293000
Rwanda,2012,1507,16.943,Africa,10550000
Rwanda,2013,1555,16.947,Africa,10812000
Rwanda,2014,1599,16.967,Africa,11084000
Rwanda,2015,1676,17.004,Africa,11369000
Rwanda,2016,1741,17.056,Africa,11669000
Saint Lucia,2008,9261,20.131,North America,170000
Saint Lucia,2009,10328,19.213,North America,172000
Saint Lucia,2010,8424,18.45,North America,174000
Saint Lucia,2011,10255,18.45,North America,176000
Saint Lucia,2012,9821,18.45,North America,177000
Saint Lucia,2013,6126,18.461,North America,178000
Saint Lucia,2014,10529,18.482,North America,178000
Saint Lucia,2015,10687,18.515,North America,179000
Saint Lucia,2016,10737,18.558,North America,180000
Sao Tome and Principe,2008,2534,62.68,Africa,171000
Sao Tome and Principe,2009,2417,63.823,Africa,176000
Sao Tome and Principe,2010,2963,64.952,Africa,180000
Sao Tome and Principe,2011,3179,66.064,Africa,185000
Sao Tome and Principe,2012,3437,67.16,Africa,188000
Sao Tome and Principe,2013,3309,68.208,Africa,192000
Sao Tome and Principe,2014,3489,69.213,Africa,196000
Sao Tome and Principe,2015,3560,70.174,Africa,199000
Sao Tome and Principe,2016,3640,71.092,Africa,203000
Saudi Arabia,2008,39887,81.649,Asia,25889000
Saudi Arabia,2009,34644,81.867,Asia,26630000
Saudi Arabia,2010,39370,82.084,Asia,27421000
Saudi Arabia,2011,48470,82.302,Asia,28268000
Saudi Arabia,2012,49983,82.52,Asia,29155000
Saudi Arabia,2013,48106,82.74,Asia,30052000
Saudi Arabia,2014,46824,82.96,Asia,30917000
Saudi Arabia,2015,47737,83.18,Asia,31718000
Saudi Arabia,2016,47474,83.401,Asia,32443000
Senegal,2008,1987,42.947,Africa,12005000
Senegal,2009,2072,43.359,Africa,12335000
Senegal,2010,2120,43.773,Africa,12678000
Senegal,2011,2123,44.188,Africa,13034000
Senegal,2012,2153,44.603,Africa,13402000
Senegal,2013,2260,45.019,Africa,13782000
Senegal,2014,2354,45.436,Africa,14175000
Senegal,2015,2446,45.862,Africa,14578000
Senegal,2016,2544,46.296,Africa,14994000
Serbia,2008,11719,54.55,Europe,9060000
Serbia,2009,11828,54.772,Europe,9023000
Serbia,2010,11872,54.993,Europe,8991000
Serbia,2011,12463,55.215,Europe,8964000
Serbia,2012,13085,55.356,Europe,8940000
Serbia,2013,13347,55.469,Europe,8919000
Serbia,2014,13387,55.583,Europe,8898000
Serbia,2015,13556,55.696,Europe,8877000
Serbia,2016,14001,55.81,Europe,8854000
Seychelles,2008,18236,52.619,Africa,90000
Seychelles,2009,24167,52.969,Africa,91000
Seychelles,2010,19810,53.336,Africa,91000
Seychelles,2011,21545,53.72,Africa,92000
Seychelles,2012,21922,54.12,Africa,93000
Seychelles,2013,22081,54.537,Africa,93000
Seychelles,2014,22640,54.969,Africa,94000
Seychelles,2015,23984,55.4,Africa,95000
Seychelles,2016,24856,55.831,Africa,96000
Sierra Leone,2008,1183,38.077,Africa,6134000
Sierra Leone,2009,1253,38.466,Africa,6273000
Sierra Leone,2010,1303,38.856,Africa,6416000
Sierra Leone,2011,1479,39.248,Africa,6563000
Sierra Leone,2012,1583,39.642,Africa,6713000
Sierra Leone,2013,1684,40.036,Africa,6864000
Sierra Leone,2014,1326,40.432,Africa,7017000
Sierra Leone,2015,1033,40.829,Africa,7172000
Sierra Leone,2016,1070,41.228,Africa,7329000
Singapore,2008,50435,100,Asia,4776000
Singapore,2009,51138,100,Asia,4967000
Singapore,2010,61827,100,Asia,5131000
Singapore,2011,61672,100,Asia,5264000
Singapore,2012,61905,100,Asia,5369000
Singapore,2013,61755,100,Asia,5454000
Singapore,2014,67105,100,Asia,5526000
Singapore,2015,67110,100,Asia,5592000
Singapore,2016,67180,100,Asia,5654000
Slovakia,2008,21876,55.111,Europe,5399000
Slovakia,2009,21688,54.96,Europe,5401000
Slovakia,2010,22555,54.685,Europe,5404000
Slovakia,2011,22483,54.42,Europe,5409000
Slovakia,2012,23118,54.28,Europe,5415000
Slovakia,2013,23797,54.14,Europe,5422000
Slovakia,2014,24964,54,Europe,5429000
Slovakia,2015,25896,53.889,Europe,5436000
Slovakia,2016,26713,53.806,Europe,5442000
Slovenia,2008,27380,52.209,Europe,2023000
Slovenia,2009,25973,52.433,Europe,2034000
Slovenia,2010,25660,52.658,Europe,2043000
Slovenia,2011,26004,52.883,Europe,2051000
Slovenia,2012,26022,53.108,Europe,2058000
Slovenia,2013,26062,53.332,Europe,2063000
Slovenia,2014,27462,53.557,Europe,2067000
Slovenia,2015,28077,53.781,Europe,2071000
Slovenia,2016,28761,54.02,Europe,2074000
South Africa,2008,11435,61.154,Africa,49779000
South Africa,2009,11001,61.687,Africa,50477000
South Africa,2010,11288,62.218,Africa,51217000
South Africa,2011,11838,62.746,Africa,52004000
South Africa,2012,11880,63.272,Africa,52833000
South Africa,2013,11993,63.793,Africa,53687000
South Africa,2014,12050,64.312,Africa,54544000
South Africa,2015,12054,64.828,Africa,55386000
South Africa,2016,11949,65.341,Africa,56208000
South Korea,2008,30412,81.733,Asia,49182000
South Korea,2009,30237,81.835,Asia,49347000
South Korea,2010,32325,81.936,Asia,49546000
South Korea,2011,32225,81.923,Asia,49786000
South Korea,2012,32485,81.851,Asia,50061000
South Korea,2013,33322,81.779,Asia,50346000
South Korea,2014,34538,81.707,Asia,50608000
South Korea,2015,35316,81.634,Asia,50823000
South Korea,2016,36151,81.562,Asia,50983000
Spain,2008,33492,77.976,Europe,46069000
Spain,2009,32962,78.21,Europe,46584000
Spain,2010,32160,78.442,Europe,46931000
Spain,2011,31600,78.673,Europe,47084000
Spain,2012,31491,78.902,Europe,47063000
Spain,2013,31527,79.133,Europe,46931000
Spain,2014,32300,79.366,Europe,46778000
Spain,2015,33376,79.602,Europe,46672000
Spain,2016,31556,79.84,Europe,46634000
Sri Lanka,2008,6451,18.257,Asia,19984000
Sri Lanka,2009,7063,18.242,Asia,20124000
Sri Lanka,2010,7844,18.226,Asia,20262000
Sri Lanka,2011,8918,18.211,Asia,20398000
Sri Lanka,2012,9588,18.196,Asia,20533000
Sri Lanka,2013,9826,18.198,Asia,20663000
Sri Lanka,2014,10313,18.218,Asia,20789000
Sri Lanka,2015,10734,18.256,Asia,20908000
Sri Lanka,2016,11118,18.311,Asia,21021000
Sudan,2008,3060,32.919,Africa,33061000
Sudan,2009,3159,32.993,Africa,33784000
Sudan,2010,3419,33.089,Africa,34545000
Sudan,2011,3669,33.207,Africa,35350000
Sudan,2012,2900,33.346,Africa,36194000
Sudan,2013,3432,33.507,Africa,37073000
Sudan,2014,3626,33.689,Africa,37978000
Sudan,2015,3723,33.894,Africa,38903000
Sudan,2016,3750,34.121,Africa,39847000
Swaziland,2008,6696,22.045,Africa,1050000
Swaziland,2009,7074,22.262,Africa,1057000
Swaziland,2010,7442,22.48,Africa,1065000
Swaziland,2011,7389,22.7,Africa,1072000
Swaziland,2012,8012,22.849,Africa,1079000
Swaziland,2013,7814,22.999,Africa,1087000
Swaziland,2014,7685,23.149,Africa,1095000
Swaziland,2015,7726,23.3,Africa,1104000
Swaziland,2016,7641,23.459,Africa,1114000
Sweden,2008,42310,84.746,Europe,9236000
Sweden,2009,40320,84.902,Europe,9313000
Sweden,2010,42043,85.056,Europe,9390000
Sweden,2011,42079,85.297,Europe,9467000
Sweden,2012,42579,85.62,Europe,9543000
Sweden,2013,42245,85.936,Europe,9618000
Sweden,2014,42202,86.247,Europe,9692000
Sweden,2015,43464,86.553,Europe,9765000
Sweden,2016,44371,86.852,Europe,9836000
Switzerland,2008,54830,73.556,Europe,7623000
Switzerland,2009,54184,73.581,Europe,7714000
Switzerland,2010,54377,73.607,Europe,7809000
Switzerland,2011,58686,73.631,Europe,7907000
Switzerland,2012,60777,73.653,Europe,8008000
Switzerland,2013,61320,73.674,Europe,8109000
Switzerland,2014,61661,73.696,Europe,8206000
Switzerland,2015,61476,73.718,Europe,8297000
Switzerland,2016,61844,73.739,Europe,8380000
Syria,2008,5307,54.875,Asia,20664000
Syria,2009,5166,55.237,Asia,21206000
Syria,2010,5678,55.6,Asia,21363000
Syria,2011,5979,54.58,Asia,21082000
Syria,2012,5087,53.555,Asia,20439000
Syria,2013,4753,52.529,Asia,19578000
Syria,2014,4069,51.5,Asia,18711000
Syria,2015,3509,52.168,Asia,17997000
Syria,2016,3557,52.835,Asia,17466000
Taiwan,2008,35776,73.746,Asia,23019000
Taiwan,2009,34978,74.219,Asia,23105000
Taiwan,2010,37804,74.687,Asia,23188000
Taiwan,2011,38565,75.149,Asia,23269000
Taiwan,2012,38578,75.603,Asia,23347000
Taiwan,2013,39528,76.049,Asia,23422000
Taiwan,2014,41609,76.487,Asia,23492000
Taiwan,2015,41805,76.916,Asia,23557000
Taiwan,2016,42304,77.337,Asia,23618000
Tajikistan,2008,2759,26.516,Asia,7210000
Tajikistan,2009,2594,26.518,Asia,7365000
Tajikistan,2010,2893,26.52,Asia,7527000
Tajikistan,2011,3111,26.521,Asia,7698000
Tajikistan,2012,3212,26.545,Asia,7875000
Tajikistan,2013,3297,26.589,Asia,8060000
Tajikistan,2014,3226,26.655,Asia,8253000
Tajikistan,2015,3365,26.742,Asia,8454000
Tajikistan,2016,3544,26.851,Asia,8664000
Tanzania,2008,1826,26.776,Africa,41854000
Tanzania,2009,1842,27.439,Africa,43074000
Tanzania,2010,2002,28.114,Africa,44347000
Tanzania,2011,2227,28.798,Africa,45674000
Tanzania,2012,2187,29.493,Africa,47053000
Tanzania,2013,2208,30.196,Africa,48483000
Tanzania,2014,2335,30.904,Africa,49961000
Tanzania,2015,2429,31.617,Africa,51483000
Tanzania,2016,2518,32.333,Africa,53049000
Thailand,2008,11392,41.242,Asia,66531000
Thailand,2009,11168,42.543,Asia,66867000
Thailand,2010,12586,43.856,Asia,67195000
Thailand,2011,13318,44.698,Asia,67518000
Thailand,2012,14467,45.445,Asia,67836000
Thailand,2013,13895,46.193,Asia,68145000
Thailand,2014,13587,46.943,Asia,68439000
Thailand,2015,13938,47.694,Asia,68715000
Thailand,2016,14341,48.448,Asia,68971000
Togo,2008,1119,36.587,Africa,6083000
Togo,2009,1190,37.058,Africa,6251000
Togo,2010,1232,37.533,Africa,6422000
Togo,2011,1227,38.032,Africa,6596000
Togo,2012,1240,38.546,Africa,6774000
Togo,2013,1426,39.061,Africa,6955000
Togo,2014,1443,39.579,Africa,7138000
Togo,2015,1482,40.1,Africa,7323000
Togo,2016,1515,40.628,Africa,7510000
Trinidad and Tobago,2008,32994,54.402,South America,1314000
Trinidad and Tobago,2009,22910,54.213,South America,1321000
Trinidad and Tobago,2010,25687,54.025,South America,1328000
Trinidad and Tobago,2011,29745,53.836,South America,1336000
Trinidad and Tobago,2012,30351,53.671,South America,1345000
Trinidad and Tobago,2013,31166,53.53,South America,1354000
Trinidad and Tobago,2014,31032,53.413,South America,1362000
Trinidad and Tobago,2015,30892,53.319,South America,1370000
Trinidad and Tobago,2016,29358,53.25,South America,1378000
Tunisia,2008,10116,66.093,Africa,10414000
Tunisia,2009,10309,66.376,Africa,10526000
Tunisia,2010,10735,66.657,Africa,10635000
Tunisia,2011,10437,66.938,Africa,10742000
Tunisia,2012,10749,67.218,Africa,10847000
Tunisia,2013,10503,67.495,Africa,10953000
Tunisia,2014,10588,67.772,Africa,11063000
Tunisia,2015,10608,68.056,Africa,11180000
Tunisia,2016,10621,68.346,Africa,11304000
Turkey,2008,15393,69.651,Asia,70419000
Turkey,2009,14794,70.241,Asia,71321000
Turkey,2010,16211,70.825,Asia,72327000
Turkey,2011,17919,71.402,Asia,73443000
Turkey,2012,18787,71.974,Asia,74651000
Turkey,2013,19370,72.531,Asia,75925000
Turkey,2014,20222,73.077,Asia,77229000
Turkey,2015,20808,73.611,Asia,78529000
Turkey,2016,18784,74.134,Asia,79828000
Turkmenistan,2008,10487,47.868,Asia,4936000
Turkmenistan,2009,15900,48.172,Asia,5008000
Turkmenistan,2010,16391,48.491,Asia,5087000
Turkmenistan,2011,16518,48.825,Asia,5174000
Turkmenistan,2012,17120,49.175,Asia,5268000
Turkmenistan,2013,18918,49.541,Asia,5366000
Turkmenistan,2014,20203,49.921,Asia,5466000
Turkmenistan,2015,21262,50.317,Asia,5565000
Turkmenistan,2016,22328,50.728,Asia,5662000
Uganda,2008,1546,18.384,Africa,30432000
Uganda,2009,1681,18.878,Africa,31411000
Uganda,2010,1772,19.383,Africa,32428000
Uganda,2011,1890,19.898,Africa,33477000
Uganda,2012,1848,20.424,Africa,34559000
Uganda,2013,1841,20.958,Africa,35695000
Uganda,2014,1853,21.504,Africa,36912000
Uganda,2015,1883,22.06,Africa,38225000
Uganda,2016,1909,22.624,Africa,39649000
Ukraine,2008,10258,68.325,Europe,46159000
Ukraine,2009,8766,68.502,Europe,45971000
Ukraine,2010,9250,68.596,Europe,45792000
Ukraine,2011,10333,68.689,Europe,45620000
Ukraine,2012,10744,68.782,Europe,45454000
Ukraine,2013,10993,68.875,Europe,45287000
Ukraine,2014,10331,68.968,Europe,45112000
Ukraine,2015,9429,69.061,Europe,44922000
Ukraine,2016,9694,69.154,Europe,44714000
United Arab Emirates,2008,83881,83.387,Asia,7089000
United Arab Emirates,2009,63439,83.742,Asia,7917000
United Arab Emirates,2010,58565,84.087,Asia,8550000
United Arab Emirates,2011,65307,84.423,Asia,8947000
United Arab Emirates,2012,66251,84.749,Asia,9142000
United Arab Emirates,2013,71240,85.066,Asia,9198000
United Arab Emirates,2014,67250,85.375,Asia,9214000
United Arab Emirates,2015,69237,85.674,Asia,9263000
United Arab Emirates,2016,70284,85.965,Asia,9361000
United Kingdom,2008,37657,80.757,Europe,62145000
United Kingdom,2009,35730,81.031,Europe,62829000
United Kingdom,2010,35116,81.302,Europe,63460000
United Kingdom,2011,34971,81.57,Europe,64022000
United Kingdom,2012,35784,81.837,Europe,64525000
United Kingdom,2013,37702,82.102,Europe,64984000
United Kingdom,2014,38220,82.365,Europe,65423000
United Kingdom,2015,38749,82.626,Europe,65860000
United Kingdom,2016,39162,82.886,Europe,66298000
United States,2008,50276,80.438,North America,303486016
United States,2009,48453,80.606,North America,306308000
United States,2010,49267,80.772,North America,309011008
United States,2011,49675,80.944,North America,311584000
United States,2012,50394,81.119,North America,314044000
United States,2013,50863,81.299,North America,316400992
United States,2014,51664,81.483,North America,318672992
United States,2015,52591,81.671,North America,320878016
United States,2016,53015,81.862,North America,323016000
Uruguay,2008,13194,93.998,South America,107000
Uruguay,2009,13816,94.209,South America,106000
Uruguay,2010,15854,94.414,South America,106000
Uruguay,2011,17211,94.612,South America,106000
Uruguay,2012,17950,94.739,South America,106000
Uruguay,2013,18778,94.843,South America,105000
Uruguay,2014,19582,94.945,South America,105000
Uruguay,2015,19668,95.045,South America,105000
Uruguay,2016,19896,95.144,South America,105000
Uzbekistan,2008,5679,49.989,Asia,3340000
Uzbekistan,2009,6344,50.472,Asia,3350000
Uzbekistan,2010,6812,50.956,Asia,3359000
Uzbekistan,2011,7396,51.15,Asia,3369000
Uzbekistan,2012,7929,51.05,Asia,3379000
Uzbekistan,2013,8641,50.95,Asia,3389000
Uzbekistan,2014,8511,50.85,Asia,3400000
Uzbekistan,2015,9107,50.75,Asia,3412000
Uzbekistan,2016,9726,50.65,Asia,3424000
Venezuela,2008,15661,88.031,South America,27627000
Venezuela,2009,13508,88.057,South America,28065000
Venezuela,2010,16161,88.083,South America,28516000
Venezuela,2011,17746,88.108,South America,28977000
Venezuela,2012,17752,88.123,South America,29449000
Venezuela,2013,18795,88.133,South America,29933000
Venezuela,2014,17568,88.144,South America,30426000
Venezuela,2015,16257,88.154,South America,30930000
Venezuela,2016,13159,88.165,South America,31442000
Vietnam,2008,4010,29.128,Asia,86243000
Vietnam,2009,4004,29.762,Asia,87092000
Vietnam,2010,4465,30.417,Asia,87968000
Vietnam,2011,4786,31.08,Asia,88871000
Vietnam,2012,4911,31.752,Asia,89802000
Vietnam,2013,5135,32.429,Asia,90753000
Vietnam,2014,5427,33.115,Asia,91714000
Vietnam,2015,5733,33.809,Asia,92677000
Vietnam,2016,6031,34.51,Asia,93640000
Yemen,2008,3759,30.619,Africa,21892000
Yemen,2009,3774,31.194,Africa,22516000
Yemen,2010,4363,31.776,Africa,23155000
Yemen,2011,4088,32.364,Africa,23808000
Yemen,2012,3707,32.958,Africa,24473000
Yemen,2013,3847,33.559,Africa,25147000
Yemen,2014,3558,34.165,Africa,25823000
Yemen,2015,2496,34.777,Africa,26498000
Yemen,2016,2199,35.394,Africa,27168000
Zambia,2008,2440,38.371,Africa,12849000
Zambia,2009,2658,38.861,Africa,13215000
Zambia,2010,2900,39.355,Africa,13606000
Zambia,2011,3205,39.851,Africa,14023000
Zambia,2012,3413,40.354,Africa,14465000
Zambia,2013,3474,40.865,Africa,14927000
Zambia,2014,3537,41.382,Africa,15400000
Zambia,2015,3537,41.907,Africa,15879000
Zambia,2016,3538,42.438,Africa,16363000
Zimbabwe,2008,1260,33.56,Africa,12380000
Zimbabwe,2009,1329,33.378,Africa,12527000
Zimbabwe,2010,1425,33.196,Africa,12698000
Zimbabwe,2011,1515,33.015,Africa,12894000
Zimbabwe,2012,1623,32.834,Africa,13115000
Zimbabwe,2013,1801,32.654,Africa,13350000
Zimbabwe,2014,1797,32.504,Africa,13587000
Zimbabwe,2015,1759,32.385,Africa,13815000
Zimbabwe,2016,1729,32.296,Africa,14030000
